post_id,title,slug,views,date,status
57,منى الخطيب عاشقة المغامرات على الدراجة النارية السريعة: هوايتي ليست للتفاخر انما للتحدي,منى-الخطيب-عاشقة-المغامرات-على-الدراج-2,2169,2013-09-18 14:42:44,publish
1913,روني خوري عين صيد وعين عدسة وهوس في العتاد,,0,2015-03-23 00:34:20,draft
3092,صور من ارشيف الصياد السوري نهاد ابو علي,,0,2016-01-10 18:55:29,draft
3556,مركز الشرق الأوسط للصيد المستدام وجمعية حماية الطبيعة يطلقان شخصيتي الصياد والقواص بريشة هادي يزبك,,0,2016-06-05 19:54:52,draft
4193,,,0,2017-02-07 00:51:02,draft
5524,~~~~~الفنان التشكيلي الصياد هادي يزبك .. بلوحتين إختصر عالم الصيد,,0,2020-05-08 14:42:32,draft
5577,~~~~~سيرة رامي: اللبناني إيدي معلوف,,0,2020-05-08 14:37:21,draft
5846,سيرة مربط: العتيبه للخيول,,0,2020-05-23 09:12:21,draft
5992,شوكولا صحي مضاد للسمنة,,0,2020-06-16 00:29:09,draft
6062,هل ستكون البنادق الهوائية بديلا...؟؟ تعرّف اليها ..,,0,2020-08-03 19:55:50,draft
6069,ورد الجوري عطر وشكل ومضمون ...,,0,2020-08-04 00:57:46,draft
6117,,,0,2020-09-20 14:02:43,draft
6397,مخاطر السمنة لدى الحيوانات الأليفة,,0,2022-10-20 17:53:25,draft
6655,الشهرمان الشائع: طائر مائي محمي ومهاجر نادر في لبنان,,0,2025-07-11 13:33:42,draft
6670,,,0,2025-09-30 09:55:08,draft
6697,أسرار الأرض : عشبة  الزوفا,,0,2025-09-30 14:03:09,draft
6770,برعاية قائد الجيش… رياق تستضيف بطولة لبنان التاسعة لجمال الخيول العربية,برعاية-قائد-الجيش-رياق-تستضيف-بطولة,10,2026-09-08 17:57:00,draft
88,حقا يخجل الكلام من ان يعلق على هذه الصورة,88,3684,2014-03-12 10:02:18,publish
92,طائر الحسون يقتله القواصون الجهلة,طائر-الحسون-يقتله-القواصون-الجهلة,7629,2014-07-02 10:13:02,publish
96,الصقر العويسق الأحمر ..يقتله جهل القواصين,الصقر-العويسق-الأحمر-يقتله-جهل-القواص,4405,2013-10-29 10:16:50,publish
99,صياد لا وقت لديه لمتعة الصيد ..انما لمتعة القتل,صياد-لا-وقت-لديه-لمتعة-الصيد-انما-لمتع,3620,2013-12-12 10:21:41,publish
102,صياد صيني يصنع دراجة نارية برمائية,صياد-صيني-يصنع-دراجة-نارية-برمائية,2041,2013-03-12 10:27:14,publish
107,شطارة الصياد الحقيقي ليست بالكمية انما بالمتعة والمهارة,شطارة-الصياد-الحقيقي-ليست-بالكمية-انم,2763,2013-08-27 10:36:01,publish
110,القنص الليلي خداع لا يمت الى الصيد بصلة,القنص-الليلي-خداع-لا-يمت-الى-الصيد-بصلة,1870,2013-03-03 14:44:27,publish
113,قواص يقتل اللقلق ويتباهى والصيادون يدينيون فعلته,قواص-يقتل-اللقلق-ويتباهى-والصيادون-يد,3624,2013-11-28 14:49:03,publish
122,طرائد الصيد في لبنان وأوقات صيدها,طرائد-الصيد-في-لبنان-وأوقات-صيدها,21668,2014-08-10 09:52:23,publish
135,انواع الطرائد والحيوانات المسموح بصيدها في لبنان وكمياتها خلال رحلة الصيد الواحدة,انواع-الطرائد-والحيوانات-المسموح-بصي,3704,2013-09-06 12:24:19,publish
138,اندية الرماية اللبنانية المخولة بإجراء امتحان الصيد,اندية-الرماية-اللبنانية-المخولة-بإجر,3181,2013-04-23 12:32:44,publish
153,الصياد الأردني عقبة فرج يقنص الطيور بعدسته أيضا.. ويذهل,153,1078,2013-05-09 09:52:16,publish
169,نسر عشقوت يكشف جهل بعض الإعلام وارتكابات القوّاصين ودراسات إسرائيل,169,1161,2013-10-17 17:28:23,publish
175,متعـة الصيد برفقــة الكلب,متعـة-الصيد-برفقــة-الكلب,1955,2013-03-02 17:34:15,publish
180,"مفهوم "" الحمى "" يعود الى الحياة على يد (SPNL) ويمنحها جائزة أفضل الممارسات",مفهوم-الحمى-يعود-الى-الحياة-على-يد-spnl-وي,1116,2013-02-09 09:38:37,publish
184,"مدير قسم الرماية في موقع ""صيد"" سليمان سارة يعود من الكويت طليعا على دورة حكام الخرطوش",مدير-قسم-الرماية-في-موقع-صيد-سليمان-سا,1260,2013-02-25 09:49:12,publish
188,"""دليل الصياد"" مرجع اساسي للحصول على رخصة صيد",دليل-الصياد-مرجع-اساسي-للحصول-على-رخص,3481,2013-08-13 09:53:58,publish
191,"زوروا شلال وادي ""أنجيازوانج"" وتسلقوا 200 قدم على الجيلد",زوروا-شلال-وادي-أنجيازوانج-وتسلقوا-200-ق,1215,2013-03-01 10:23:16,publish
194,بلدة عنجر تنتظركم في 23 آذار,بلدة-عنجر-تنتظركم-في-23-آذار,1126,2013-08-13 10:26:31,publish
197,نتائج مسابقة اشعار الصيد في الامارات,نتائج-مسابقة-اشعار-الصيد-في-الامارات,1096,2013-08-13 10:49:42,publish
200,بطولة لبنان في الرماية بدأت وعلي حيدر الأول في المرحلة الأولى,بطولة-لبنان-في-الرماية-بدأت-وعلي-حيدر-ا,794,2013-08-13 10:58:49,publish
203,سفيرة سويسرا تدعو لمحبة الطيور اكثر من السياسيين,سفيرة-سويسرا-تدعو-لمحبة-الطيور-اكثر-من,995,2013-03-25 11:12:26,publish
216,"نادي البقاع يتربع على عرش "" دوبل تراب"" في المرحلة الاولى",نادي-البقاع-يتربع-على-عرش-دوبل-تراب-في,1027,2013-08-13 11:21:11,publish
224,اسماك اربيل ممنوع صيدها من 15 نيسان وحتى اواخر ايار,اسماك-اربيل-ممنوع-صيدها-من-15-نيسان-وحتى-2,1273,2013-08-13 11:53:22,publish
228,صياد كاد يقتل نفسه عن طريق الخطأ خلال مسابقة لصيد الأرانب في نيوزيلندا,صياد-كاد-يقتل-نفسه-عن-طريق-الخطأ-خلال-مس,964,2013-03-31 11:59:42,publish
231,اريك حورية للسباحة وليست للصيد,اريك-حورية-للسباحة-وليست-للصيد,853,2013-04-05 12:09:03,publish
234,"وسام خليل الأول في ""دوبل تراب"" المرحلة الثانية",وسام-خليل-الأول-في-دوبل-تراب-المرحلة-ا,1050,2013-08-13 12:17:30,publish
240,وزير البيئة يسلم اندية الرماية افادات لإجراءامتحان الصيد,وزير-البيئة-يسلم-اندية-الرماية-افادات,947,2013-04-25 12:22:37,publish
243,فقمة صور ... جاسوسة؟,فقمة-صور-جاسوسة؟,1551,2013-05-17 12:26:52,publish
250,أول حمى للصيد في لبنان ببصمات SPNL,أول-حمى-للصيد-في-لبنان-ببصمات-spnl,1012,2013-05-08 12:53:16,publish
266,نساء الفاكهة في حمى كفرزبد,نساء-الفاكهة-في-حمى-كفرزبد,1212,2013-05-12 13:08:28,publish
280,كارلا طرابلسي بطلة المسدس في المرحلة الاولى,كارلا-طرابلسي-بطلة-المسدس-في-المرحلة-ا,1186,2013-08-10 13:18:40,publish
286,اتحاد الرماية يعلن اسماء منتخب لبنان لكأس العالم,اتحاد-الرماية-يعلن-اسماء-منتخب-لبنان-ل,946,2013-08-10 13:23:15,publish
289,اصطادي وتناولي الأسماك الدهنية لانها عدوة سرطان الثدي,اصطادي-وتناولي-الأسماك-الدهنية-لانها,2200,2014-08-13 13:25:52,publish
292,نساء نادي الصيد اللبناني يتنافسن بالصور,نساء-نادي-الصيد-اللبناني-يتنافسن-بالص,2348,2013-08-13 13:30:14,publish
303,كارين حنا تفوز بجائزة اجمل صورة شخصية للصيد,كارين-حنا-تفوز-بجائزة-اجمل-صورة-شخصية-ل,987,2013-08-15 13:35:59,publish
306,جورج طويل يستفزّ مهارة الصيادين ببندقية الهواء PCP صاحبة الاصابة النظيفة,جورج-طويل-يستفزّ-مهارة-الصيادين-ببندق,900,2013-08-13 13:44:47,publish
310,من ثكنة لثكنة مع مغاوير الجيش اللبناني في 18 أب 2013,310,1361,2013-08-03 13:48:34,publish
314,الهواء يمتحن قدرة الصيادات والصيادين,الهواء-يمتحن-قدرة-الصيادات-والصيادين,1308,2013-08-17 15:05:47,publish
329,صيادون يحيّون الجيش ويلفتون الى ثغرة,صيادون-يحيّون-الجيش-ويلفتون-الى-ثغرة,1044,2013-08-15 15:17:05,publish
334,الرياضة تقتل الطائفية في سباق المغاوير,الرياضة-تقتل-الطائفية-في-سباق-المغاوي,2537,2013-08-20 15:23:16,publish
348,اندية الرماية تتحضر للصيد .. والصيادون ايضا,اندية-الرماية-تتحضر-للصيد-والصيادون-ا,1206,2013-11-07 15:32:27,publish
353,سنلتزم بالقانون لأننا نحتاج الى نقطة انطلاق .. ولكن,سنلتزم-بالقانون-لأننا-نحتاج-الى-نقطة-ا,1003,2013-09-06 15:40:56,publish
359,صيادو لبنان على ابواب الإمتحان .. والخطوة تاريخية,صيادو-لبنان-على-ابواب-الإمتحان-والخطو,887,2013-09-13 16:04:23,publish
366,نيحا تواكب تنظيم الصيد بقواها الامنية,نيحا-تواكب-تنظيم-الصيد-بقواها-الامنية,1247,2013-09-26 16:13:40,publish
377,Air rifle hunting lebanon والمنافسة في الويست بقاع,air-rifle-hunting-lebanon-والمنافسة-في-الويست-بقاع,2626,2013-10-17 16:31:57,publish
381,منافسة في الويست بقاع لفريق Air rifle hunting lebanon وحضور نسائي ملفت,منافسة-في-الويست-بقاع-لفريق-air-rifle-hunting-lebanon-وحضور,1178,2013-10-20 16:38:06,publish
408,إصطد 16000 من أرانب (كانا) لتحمي البيئة في أسكتلندا,إصطد-16000-من-أرانب-كانا-لتحمي-البيئة-في-أس,1091,2013-10-23 16:58:18,publish
412,مباراة زجلية بين الصياد والقواص في الويست بقاع,مباراة-زجلية-بين-الصياد-والقواص-في-الو,856,2013-11-01 17:05:31,publish
415,"جلسة ""طلو الصيادي"" في الفاكهة",جلسة-طلو-الصيادي-في-الفاكهة,806,2013-11-05 17:17:59,publish
422,مهرجان الرماية في عيد الاستقلال,مهرجان-الرماية-في-عيد-الاستقلال,1262,2013-11-25 17:29:40,publish
438,إعلان وثيقة شرف لصياد عربي مسؤول,إعلان-وثيقة-شرف-لصياد-عربي-مسؤول,1231,2013-12-06 17:40:18,publish
461,جهاد حيدر يفتتح رماية 2014 بمباراة وديّة في عيتات,جهاد-حيدر-يفتتح-رماية-2014-بمباراة-وديّة-ف,1014,2014-01-05 17:50:56,publish
466,الرماية اللبنانية تكرم بطلها في الصخور,الرماية-اللبنانية-تكرم-بطلها-في-الصخو,1017,2014-02-16 17:54:18,publish
474,سباق التحدي والانتماء الى الجيش,سباق-التحدي-والانتماء-الى-الجيش,1232,2014-03-12 09:07:51,publish
483,الـPCP في Chtoura country club وعاصي يدعو لدعم الرماية,الـpcp-في-chtoura-country-club-وعاصي-يدعو-لدعم-الرماية,2867,2014-05-08 09:27:59,publish
498,بوليصة تأمين الصيد أقرت .. والجميع اليوم أمام امتحان المصداقيات,498,1492,2014-06-28 09:41:22,publish
506,مباراة رماية كبرى في البقاع ومنافسات حادة,مباراة-رماية-كبرى-في-البقاع-ومنافسات-ح,1134,2014-09-03 09:53:23,publish
527,"نادي البقاع للرماية والصيد في جلسة ""طلّو الصيادي"" وتكريم سارة",نادي-البقاع-للرماية-والصيد-في-جلسة-طلّ,1194,2014-09-14 10:27:04,publish
538,من يحق له استعمال السلاح؟,538,1144,2013-02-13 11:25:20,publish
544,"""صيد"" ذاكرة الطبيعة وأبطالها",صيد-ذاكرة-الطبيعة-وأبطالها,956,2013-11-23 11:35:32,publish
547,"الصيادون اصدقاء البيئة والقواصون جماعة "" بعد حماري ما يبنبت حشيش""",اتركوا-الصيادين-وشأنهم-انكم-تحتاجون-ا,976,2014-02-26 11:40:12,publish
550,اتركوا الصيادين وشأنهم ..انكم تحتاجون اليهم,اتركوا-الصيادين-وشأنهم-انكم-تحتاجون-ا-2,900,2015-01-10 11:45:55,publish
552,أين كنت حين ....؟؟؟,أين-كنت-حين-؟؟؟,856,2014-04-20 11:58:40,publish
554,حين تصطاد النساء ...تبقى البيئة بخير,حين-تصطاد-النساء-تبقى-البيئة-بخير,1378,2013-09-18 12:01:48,publish
559,"سباق المغاوير "" من ثكنة الى ثكنة "" .. ليس سباقا رياضيا",سباق-المغاوير-من-ثكنة-الى-ثكنة-ليس-سب,957,2013-08-20 12:03:18,publish
565,السلامة أولاً,السلامة-أولاً,1610,2015-02-05 12:10:43,publish
569,مشهد رائع لحساسين امام وجبة شهية من الحبوب,مشهد-رائع-لحساسين-امام-وجبة-شهية-من-الح,804,2013-03-04 12:18:04,publish
572,من غرائب عالم البحار,من-غرائب-عالم-البحار,1007,2013-04-18 12:22:13,publish
575,لهذه الاسباب الاسد ملك الغابة,لهذه-الاسباب-الاسد-ملك-الغابة,985,2013-10-18 12:27:19,publish
578,طائر صياد ذكي,طائر-صياد-ذكي,808,2013-03-25 12:28:57,publish
581,صيد البط بالقوس والسهم,صيد-البط-بالقوس-والسهم,2712,2014-08-28 12:31:41,publish
585,صورة الرئيس شمعون والمير مجيد أرسلان بثياب الصيد,صورة-الرئيس-شمعون-والمير-مجيد-ارسلان-ب,3671,2013-02-20 15:51:33,publish
589,الرئيسان الراحلان كميل شمعون وعادل عسيران في رحلة صيد,الرئيسان-الراحلان-كميل-شمعون-وعادل-عس,3141,2013-02-20 15:57:00,publish
593,الرئيس حافظ الأسد في رحلة صيد,الرئيس-حافظ-الأسد-في-رحلة-صيد,7205,2013-04-20 15:59:05,publish
596,مناظر طبيعية وأثرية,مناظر-طبيعية-وأثرية,2592,2013-03-11 16:02:34,publish
604,غسان الخطيب صياد لبناني يعيش هوايته بكامل اناقتها,صور-للصياد-اللبناني-غسان-الخطيب,2059,2014-09-21 16:11:27,publish
613,صور رحلات صيد برية للصياد الكويتي عبدالله الصالح,صور-رحلات-صيد-برية-للصياد-الكويتي-عبدا,6809,2014-03-27 16:15:20,publish
623,صور بعدسة امل ناصيف - لبنان,صور-بعدسة-امل-ناصيف-لبنان,1032,2014-06-08 16:21:21,publish
627,صور بعدسة ربى الخراط - لبنان,صور-بعدسة-ربى-الخراط-لبنان,1459,2014-10-07 16:25:07,publish
631,لائحة بـ 10 انواع من البنادق سطع اسمها عام 2012,لائحة-بـ-10-انواع-من-البنادق-سطع-اسمها-عا,16418,2013-06-14 16:29:55,publish
635,بندقية الهواء Evanix Avalanche تكشف مهارة الصيادين,بندقية-الهواء-evanix-avalanche-تكشف-مهارة-الصيادين,2535,2013-11-11 16:38:16,publish
640,"الصيادة الأميركية لاريسا سويتلك لـ""صيد"" : انا صيادة بر وبحر وقد أمتشق السيف يومًا للمبارزة",الصيادة-الأميركية-لاريسا-سويتلك-لـصي,2489,2013-04-21 09:26:58,publish
684,سهام تويني: ندمت على دعم الإتحاد.. والأميرة هيا أبرز نساء الفروسية,سهام-تويني-ندمت-على-دعم-الإتحاد-والأم,9632,2013-03-10 19:40:00,publish
788,الذهب الأسود: لمحة عن عالم الرعي في لبنان,الذهب-الأسود-لمحة-عن-عالم-الرعي-في-لبنا,1361,2014-10-05 18:27:48,publish
792,«دواعش الطيور» أمام المحامي العام البيئي,دواعش-الطيور-أمام-المحامي-العام-الب,1415,2014-10-02 19:31:15,publish
832,خريطة المناطق المهمة للطيور في لبنان,خريطة-المناطق-المهمة-للطيور-في-لبنان,4285,2014-02-18 23:41:13,publish
837,خريطة هجرة الطيور المحلقة في لبنان,837,8320,2013-02-18 23:44:41,publish
846,الزنجبيل دواء مهم لأكثر من داء,الزنجبيل-دواء-مهم-لأكثر-من-داء,1323,2013-04-02 15:35:37,publish
850,لكي يبقى صقرك صقرًا ولا يخذلك في رحلات صيدك.. إعتنِ بصحته,لكي-يبقى-صقرك-صقرًا-ولا-يخذلك-في-رحلات-ص,981,2014-03-12 15:53:30,publish
856,كلبك لن يقول لك انه مريض.. عليك ان تعرف وتنقذه,كلبك-لن-يقول-لك-انه-مريض-عليك-ان-تعرف-وت,990,2014-03-11 16:14:48,publish
1646,صور بعدسة محمد حلّال - فرنسا,صور-بعدسة-محمد-حلّال-فرنسا,1105,2015-03-09 16:07:30,publish
2220,أسعد سرحال: مناطق الصيد المسؤول هي الحل في لبنان,أسعد-سرحال-مناطق-الصيد-المسؤول-هي-الحل,1809,2015-05-15 11:13:03,publish
2238,"جائزة نقدية بقيمة 1000$ لمن يعرف مكان ""زنوبيا"" ويحميها!",جائزة-نقدية-بقيمة-1000-لمن-يعرف-مكان-زنوبي,2329,2015-05-23 00:03:04,publish
2592,إذا قلبك مغوار..لاقينا,إذا-قلبك-مغوار-لاقينا,6312,2015-07-26 14:05:19,publish
2831,الصيد المسؤول المستدام بيحمي الطبيعة والهواية,الصيد-المسؤول-المستدام-بيحمي-الطبيعة,2848,2015-10-17 11:44:48,publish
4030,طيور مهاجرة فوق بحيرة القرعون - لبنان (باسل جانبيه) ,طيور-مهاجرة-فوق-بحيرة-القرعون-لبنان-ب,1682,2016-10-25 16:43:07,publish
5495,قوى الأمن الداخلي ستبطل مفعول الضبط بحق عيتاني وهو يشكرها,قوى-الأمن-الداخلي-ستبطل-مفعول-الضبط-بح,389,2020-04-16 21:27:23,publish
6141,اللي ما يعرف الصقر يشويه,اللي-ما-يعرف-الصقر-يشويه,967,2020-10-24 20:08:33,publish
6762,مع هجرة الخريف… كيف يحمي العالم الطيور وينظّم الصيد؟,مع-هجرة-الخريف-كيف-يحمي-العالم-الطيو,17,2026-09-08 16:13:26,publish
867,قانون الصيد البري الاردني,قانون-الصيد-البري-الاردني,4270,2014-10-12 23:46:01,publish
875,قانون الصيــــد البحري في دولة الامارات,قانون-الصيــــد-البحري-في-دولة-الامار,1586,2014-10-13 00:02:03,publish
879,قانون الصيد البري اللبناني,قانون-الصيد-البري-اللبناني,2404,2014-10-13 00:07:42,publish
883,قانون تنظيم الصيد في مصر,قانون-الصيد-البحري-المصري,6892,2015-01-13 00:15:58,publish
891,التخييم في الطبيعة اللبنانية دواء نتمنى الا يفسد,التخييم-في-الطبيعة-اللبنانية-دواء-نتم,4362,2014-10-13 00:44:55,publish
911,قانــون الصــيـد البري في الســـودان,قانــون-الصــيـد-البري-في-الســـودان,5795,2015-01-23 12:53:56,publish
928,قانون الصيد البحري المصري,قانون-الصيد-البحري-المصري-2,6322,2015-01-23 13:08:23,publish
933,شيخ الرماية في لبنان منير سكاف: تفوّقت على مطلق قنبلة هيروشيما,933,1510,2014-05-02 13:55:37,publish
943,ايلي مزرعاني : على الدولة انزال اشد العقوبات بالقواصين خصوصا بعد صدور قانون الصيد البري ومراسيمه التطبيقية,ايلي-مزرعاني-على-الدولة-انزال-اشد-العق,3269,2013-07-25 11:30:31,publish
950,طرق حمل سلاح الصيد والرماية الآمنة,طرق-حمل-سلاح-الصيد-والرماية-الآمنة,5514,2015-01-03 20:50:03,publish
957,إحم نفسك ايها الفارس,احم-نفسك-ايها-الفارس,1740,2015-01-19 01:13:45,publish
963,بيض الفرّي وجبة غنية كاملة الفوائد,بيض-الفرّي-وجبة-غنية-كاملة-الفوائد,4331,2015-01-26 23:48:39,publish
973,اسماء من عالم الصيد باللغة الاسبانية,اسماء-من-عالم-الصيد-باللغة-الاسبانية,7335,2015-02-25 00:53:49,publish
975,صيد خنزير بري بالقوس والسهم,صيد-خنزير-بري-بالقوس-والسهم,2109,2015-02-01 20:36:28,publish
980,"قصيدة ""طلعة المقناص"" للشاعرة ظما الوجدان",قصيدة-طلعة-المقناص-للشاعرة-ظما-الوجد,3799,2015-01-10 00:11:36,publish
982,طلّو طلّو الصيادي اغنية للاخوين رحباني من مزاجهم الطريف,طلّو-طلّو-الصيادي-اغنية-للاخوين-رحبان,7624,2015-01-25 00:41:18,publish
6794,80 ألف زائر و158 جهة من 15 دولة... «سهيل 2026» يختتم عقدًا من الشغف بالصيد والصقارة,80-ألف-زائر-و158-جهة-من-15-دولة-سهيل-2026-يختتم-ع,14,2026-09-13 15:22:10,publish
6796,السعودية تشدد على ضوابط الصيد: 5 آلاف ريال غرامة الصيد في الأماكن المحظورة,السعودية-تشدد-على-ضوابط-الصيد-5-آلاف-ري,4,2026-09-13 15:22:29,publish
6798,قطر | أكثر من 80 ألف زائر في ختام «سهيل 2026»,قطر-أكثر-من-80-ألف-زائر-في-ختام-سهيل-2026,2,2026-09-13 15:22:37,publish
6800,السعودية | 5 آلاف ريال غرامة الصيد في الأماكن المحظورة,السعودية-5-آلاف-ريال-غرامة-الصيد-في-الأ,2,2026-09-13 15:22:45,publish
988,الصيادة اللبنانية رابيل اللاطي : كنت اصطاد دون التفريق بين الطيور والطرائد .. ومن لا يتعلم من اخطائه ليس بصياد..,الصيادة-اللبنانية-رابيل-اللاتي-كنت-اص,5103,2015-02-26 11:00:04,publish
1001,تاريخ بنادق الصيد عيار 12ملم,تاريخ-بنادق-الصيد-عيار-12ملم,28447,2015-02-19 00:42:55,publish
1009,رقم قياسي في تصنيع 1585 رجل ثلج في ساعة,رقم-قياسي-في-تصنيع-1585-رجل-ثلج-في-ساعة,900,2015-02-16 15:10:53,publish
1013,ارقى مستشفى للصقور في الشرق الاوسط بدرجة 5 نجوم,ارقى-مستشفى-للصقور-في-الشرق-الاوسط-بدر,1552,2015-02-16 15:39:00,publish
1017,الحمار افضل مدرعة عسكرية لمقاتل يمني,الحمار-افضل-مدرعة-عسكرية-لمقاتل-يمني,3627,2015-02-15 16:00:51,publish
1021,الكلاب تتمكن من التمييز بين الوجوه الشريرة والخيّرة,الكلاب-تتمكن-من-التمييز-بين-الوجوه-الش,1514,2015-02-14 16:12:25,publish
1024,اميركا تعتزم إعدام آلاف من طيور الغاق لإنقاذ محصول السلمون,اميركا-تعتزم-إعدام-آلاف-من-طيور-الغاق-ل,1132,2015-02-06 18:20:27,publish
1030,تتألف صيد,مجلة-صيد,1109,2015-01-09 18:41:26,publish
1038,الهليون يمنع اثار الشيخوخة ويحارب السرطان,1038,5003,2015-02-12 23:24:45,publish
1045,القرصعنّة تثير الرغبة الجنسية وتعالج امراض الكبد واضطراب النوم,القرصعنّة-تثير-الرغبة-الجنسية-وتعالج,7449,2015-02-08 23:39:45,publish
1048,اليانسون مهدئ عصبي ويدر حليب المرأة,اليانسون-مهدئ-عصبي-ويدر-حليب-المرأة,1878,2015-01-06 00:58:41,publish
1085,"غربان يردّون ""الجميل"" لطفلة",غربان-يردّون-الجميل-لطفلة,2643,2015-02-23 23:42:09,publish
1101,صار وقت تكون مغوار,1101,2051,2015-02-21 00:00:59,publish
1110,وزير البيئة ناظم الخوري: ملف الصيد أنجز بمعظمه.. وندعو الصيادين الى إمتحان انفسهم في اندية الرماية,وزير-البيئة-ناظم-الخوري-ملف-الصيد-أنجز,889,2013-04-13 17:10:06,publish
1114,منصور الرحباني اشترى السمن من ولد وادّعى امام فيلمون انه اصطاده,منصور-الرحباني-اشترى-السمن-من-ولد-وادّ,3248,2013-08-10 17:32:33,publish
1131,بطل لبنان السابق في الرماية وسام خليل: انقسام الإتحاد خطأ كان يمكن تجنّبه,1131,1257,2013-03-12 18:34:29,publish
1138,رئيس الاتحاد القطري للرماية محمد الغانم : مشكلتنا قلة عدد الناس في بلدنا,رئيس-الاتحاد-القطري-للرماية-محمد-الغا,3463,2013-03-03 18:48:05,publish
1142,شيخ الصيادين اللبناني أنيس مكاوي...يدٌ واحدة وإرادةٌ صلبة لا تخطئ الهدف,شيخ-الصيادين-اللبناني-أنيس-مكاوي-يدٌ-و,2907,2013-03-23 18:54:28,publish
1149,ملكة الجمال السابقة نادين نجيم: أتوق لرحلة صيد غزلان في الاراضي الوعرة,ملكة-الجمال-السابقة-نادين-نجيم-أتوق-لر,2926,2013-03-26 19:12:26,publish
1156,ريتشاد بوتر: هناك مصلحة مشتركة بين الصيادين والبيئيين,ريتشاد-بوتر-هناك-مصلحة-مشتركة-بين-الصي,893,2013-03-10 19:27:05,publish
1159,لا تشتم بلفظة كلب .. فهو مدعاة فخر لمن يعرف,لا-تشتم-بلفظة-كلب-فهو-مدعاة-فخر-لمن-يعر,1369,2017-02-07 00:45:25,publish
1162,كلب التيبت الأحمر... ثري دون منّة من أحد,كلب-التيبت-الأحمر-ثري-دون-منّة-من-أحد,2492,2015-03-25 21:41:15,publish
1171,السلوقي الأصيل يجلب لذّة الإنتصار والتفوّق لصاحبه,السلوقي-الأصيل-يجلب-لذة-الانتصار-والت,5951,2015-04-06 10:49:53,publish
1181,نادي صقاري الإمارات تجربة رائدة في عالم الصيد المستدام وحماية التراث,نادي-صقاري-الإمارات-تجربة-رائدة-في-عال,1477,2014-10-26 20:20:51,publish
1187,"سمو الشيخ حمد الشرقي حاكم الفجيرة يحدث ""صيد"" عن الراحل زايد بن سلطان",سمو-الشيخ-حمد-الشرقي-حاكم-الفجيرة-يحدث,1133,2013-02-19 20:28:24,publish
1190,~~~~~حتى ولو كنت صيادًا ماهرًا ومغامرًا في الطبيعة.. لا يمكنك سماع صوت الزرافة,حتى-ولو-كنت-صيادا-ماهرا-ومكتشف-الطبيعة,1395,2021-04-22 20:41:12,publish
1194,تجمعات صيادين يقومون بحملات توعية على صفحات facebook,1194,1416,2013-06-08 20:44:58,publish
1200,كبار تجار اسلحة الصيد في لبنان :التنظيم يحمي الصيد المستدام وحقوقنا,كبار-تجار-اسلحة-الصيد-في-لبنان-التنظيم,13008,2013-04-26 21:17:44,publish
1210,ليست ابنة المتوسط وهي من النوع الذي قد يستعمل لاغراض أمنية,فقمة-صور-جاسوسة-؟,1587,2013-04-27 21:30:50,publish
1214,نساء الصيد في البر والبحر... ينافسن الرجال,نساء-الصيد-في-البر-والبحر-ينافسن-الرج,2855,2013-05-26 22:17:50,publish
1228,الحبارى شرسة حمقاء غيورة وسائلها يلصق جناح الصقر,الحبارى-شرسة-حمقاء-غيورة-وسائلها-يلصق,6127,2014-10-26 23:58:12,publish
1253,تنزانيا... أيقونة الصيد في العالم برّاً وبحراً,تنزانيا-أيقونة-الصيد-في-العالم-برّاً,4235,2015-03-15 21:09:57,publish
1258,طارق الزرعوني : مقناص الشيخ حمدان هو العنوان الأبرز للصيد المستدام,طارق-الزرعوني-مقناص-الشيخ-حمدان-هو-الع,2743,2013-04-11 21:58:22,publish
1267,الصياد الشاعر عبد العزيز البابطين: أفضل مكان للصيد في العالم هو العراق,الصياد-الشاعر-عبد-العزيز-البابطين-أفض,5116,2013-03-29 22:23:23,publish
1273,كميل دوري  شمعون:الرئيس كميل شمعون..في المرة الثالثة كان ينفجر غضبا,كميل-دوري-شمعونالرئيس-كميل-شمعون-في-ا,4239,2013-06-27 23:07:48,publish
1281,الأميرة بسمة بنت علي: لم أعد أصطاد في البحر..,الأميرة-بسمة-بنت-علي-لم-أعد-أصطاد-في-ال,4975,2013-09-16 23:39:55,publish
1293,المصور الخالدي : دوّنت تاريخ الشيخ زايد بالصورة,المصور-الخالدي-دوّنت-تاريخ-الشيخ-زايد,2057,2013-01-12 23:57:21,publish
1299,قانون الصيد البري في تونـــس 2012 \2013,قانون-الصيد-البري-في-تونـــس-2012-2013,6229,2013-03-19 00:46:28,publish
1302,قوانين تصاريح الاسلحه في السعوديه,قوانين-تصاريح-الاسلحه-في-السعوديه,1834,2013-02-22 00:52:36,publish
1306,قانون الصيد البحري في الاردن,قانون-الصيد-البحري-في-الاردن,1962,2013-08-28 01:02:31,publish
1327,أعشاب البحر غذاء ودواء في كل وقت ومكان,اعشاب-البحر-غذاء-ودواء-في-كل-وقت-ومكان,8814,2015-02-26 02:56:06,publish
1335,زعفران أغلى التوابل المجففة في العالم,زعفران-اغلى-التوابل-المجففة-في-العالم,2654,2015-03-11 10:01:20,publish
1337,La Bonnotte البطاطا الاغلى في العالم,la-bonnotte-البطاطا-الاغلى-في-العالم,996,2015-08-27 22:52:08,publish
1339,في الصين ليست الطيور وحدها التي تؤكل بل اعشاشها ايضا.,في-الصين-ليست-الطيور-وحدها-التي-تؤكل-بل,2855,2015-02-20 21:44:30,publish
1341,"الكمأة البيضاء ""الفقع"" بنت البر وصاحبة الاسعار الخيالية",الكمأة-البيضاء-الفقع,7527,2016-01-17 11:06:12,publish
1343,لكي يبقى صقرك صقرا ولا يخذلك في رحلات صيدك.. اعتنِ بصحته,لكي-يبقى-صقرك-صقرا-ولا-يخذلك-في-رحلات-صي,1634,2014-11-03 23:20:29,publish
1359,اول سيارة دفع رباعي في العالم,اول-سيارة-دفع-رباعي-في-العالم,5031,2015-03-15 21:00:17,publish
1364,قوارب الصيد البحرية ابنة مزاج الصياد البحري وخبرته,قوارب-الصيد-البحرية-ابنة-مزاج-الصياد-ا,3850,2015-02-23 00:59:19,publish
1370,نماذج رخص الصيد في لبنان,نماذج-رخص-الصيد-في-لبنان,9945,2014-08-17 00:23:26,publish
1414,مجلة صيد,1414,1360,2015-01-10 02:03:47,publish
1453,الفروسية,الفروسية,1128,2015-01-08 17:51:09,publish
1456,السياحة البيئية,السياحة-البيئية,1175,2015-01-07 19:57:52,publish
1459,الرماية,الرماية,1518,2015-01-06 20:06:58,publish
1485,خرطوش الصيد وانواعه,خرطوش-الصيد-وانواعه,46610,2015-03-03 12:30:04,publish
1529,عالم السكاكين,عالم-السكاكين,4009,2015-03-05 11:16:58,publish
1536,رموز كشّافات الـ (LED),رموز-كشّافات-الـ-led,3702,2015-03-07 11:40:39,publish
1552,بعدستكم .. (عين الصياد تقنص بالعدسة ايضا.. وعين القوّاص مجرد رصاصة),بعدستكم-عين-الصياد-تقنص-بالعدسة-ايضا,1715,2015-02-05 17:46:46,publish
1554,اضفط ..لأرشفة صوركم الرائعة (بعدستكم),اضفط-لأرشفة-صوركم-الرائعة-بعدستكم,2717,2015-03-05 16:19:17,publish
1569,الدراجة الهوائية تحسن حالة القلب وتقضي على الكآبة,الدراجة-الهوائية-من-عناوين-السياحة-ال,5529,2015-02-28 18:50:06,publish
1589,Daystate Pulsar السحر في الهواء,daystate-pulsar-السحر-في-الهواء,5250,2015-03-06 02:15:34,publish
1615,بندقية من كاميرات ومعداتها,بندقية-من-كاميرات-ومعداتها,4541,2015-03-06 16:31:08,publish
1618,اطلبوا المعرفة ولو من القمامة ..,اطلبوا-المعرفة-ولو-من-القمامة,3052,2015-03-06 23:12:58,publish
1625,سباق الإنتماء إلى الوطن والجيش,سباق-الانتماء-الى-الوطن-والجيش,2260,2015-03-09 01:00:46,publish
1666,عالسّكة يا تران .. فيلم وثائقي لزينة حداد,عالسّكة-يا-تران-فيلم-وثائقي-لزينة-حدا,1692,2015-03-11 09:56:38,publish
1673,وجبتك الأولى قد تكون الأخيرة مع سمك الفوجو,وجبتك-الأولى-قد-تكون-الأخيرة-مع-سمك-الف,4809,2015-03-11 11:07:22,publish
1699,"جمعية الصيادين العراقية لـ""صيد"": مهمتنا حماية هواية الصيد والحفاظ على البيئة في العراق",جمعية-الصيادين-العراقية-لـصيد-مهمتن,7101,2015-03-12 20:20:11,publish
1704,"رولا ايمانويل لـ "" صيد ""  : أتمنى العيش في الادغال مع القردة والنمور",رولا-ايمانويل-اتمنى-العيش-في-الادغال-م,3457,2015-03-12 20:45:23,publish
1727,صور للصياد اللبناني ايدي معلوف ..وصور بعدسته الرائعة,صور-للصياد-اللبناني-ايدي-معلوف-وصور-بع,2842,2015-03-12 19:51:43,publish
1751,بعدسة التاريخ .. صورتان لعائلتين من أبلح غرقتا في حادثة التايتانيك,بعدسة-التاريخ-صورتان-لعائلتين-من-أبلح,4513,2015-03-14 17:41:43,publish
1756,التكنولوجيا المستخدمة ببنادق Beretta النصف أوتوماتيكية,التكنولوجيا-المستخدمة-ببنادق-beretta-النصف,6723,2015-03-14 22:10:40,publish
1766,منال فخراوي بطلة كأس الشيخة فاطمة بنت مبارك للقدرة، في مهرجان منصور بن زايد العالمي  للخيول.,منال-فخراوي-بطلة-كأس-الشيخة-فاطمة-بنت-م,2781,2015-03-14 01:29:59,publish
1788,يصدر قريبا ( .. ) كتاب سيثير اهتمام أبناء الطبيعة,يصدر-قريبا-كتاب-سيثير-اهتمام-ابناء-ال,1714,2015-03-17 01:36:58,publish
1794,التكنولوجيا المستخدمة ببنادق Benelli النصف أوتوماتيكية,التكنولوجيا-المستخدمة-ببنادق-benelli-النصف,7964,2015-03-19 17:32:05,publish
1796,التكنولوجيا المستخدمة ببنادق Browning النصف أوتوماتيكية,التكنولوجيا-المستخدمة-ببنادق-browning-النصف,5975,2015-03-22 12:27:49,publish
1798,رقم قياسي في اصطياد اكبر سمكة في العالم في تايلند,رقم-قياسي-في-اصطياد-اكبر-سمكة-في-العالم,3518,2015-03-17 13:58:36,publish
1802,التمويه نكهة الصيد البري ومزاجه الممتع ..,التمويه-نكهة-الصيد-البري-ومزاجه-الممت,4413,2015-04-19 08:30:20,publish
1813,رجل برأس حصان,رجل-برأس-حصان,4444,2016-04-23 22:46:45,publish
1815,كلب يلهث نارا,كلب-يلهث-نارا,2898,2015-04-05 13:30:35,publish
1819,صور للصياد اللبناني رجل الاعمال ربيع عقل,صور-للصياد-اللبناني-رجل-الاعمال-ربيع-ع,2201,2015-03-17 22:38:59,publish
1829,العدسة مصيدة .. ورجل برأس سمكة,العدسة-مصيدة-ورجل-برأس-سمكة,2714,2015-03-17 23:16:14,publish
1882,"مايكل حداد لـ""صيد"": الإعاقة هي نفسية تفكير ..وما قاله لي الجنرال روكز جعلني لا أنظر للوارء",مايكل-حداد-لـصيد-الإعاقة-هي-نفسية-تفك,2298,2015-03-22 12:22:00,publish
1901,صور للصياد اللبناني طوني التوم,صور-للصياد-اللبناني-طوني-التوم,1797,2015-03-22 13:02:56,publish
1908,خريطة غير مسبوقة لتغطية كأس دبي العالمي للخيول تقدمها قناة ياس,خريطة-غير-مسبوقة-لتغطية-كأس-دبي-العالم,1012,2015-03-22 15:43:11,publish
1919,"عبدالله بني سعيد لـ""صيد""  : لينخرط الناس في مغامراتنا ويتمتعوا بمناظر الأردن الرائعة",عبدالله-بني-سعيد-لـصيد-لينخرط-الناس-ف,2092,2015-04-05 09:00:56,publish
1921,ملك الصيادين في يوم الكذب مُنتخب بصدق ونزاهة,ملك-الصيادين-في-يوم-الكذب-مُنتخب-بصدق-و,1720,2015-04-03 14:08:00,publish
1935,صور من رحلات الصياد العراقي أحمد زهير,صور-من-رحلات-الصياد-العراقي-أحمد-زهير,3281,2015-04-03 15:43:20,publish
1978,طائر مفترس عمره 3.5 مليون عام,طائر-مفترس-عمره-3-5-مليون-عام,1756,2015-04-12 20:01:08,publish
1981,صور للصياد اللبناني الأسترالي رجل الأعمال فؤاد توما,صور-للصياد-اللبناني-الأسترالي-رجل-الأ,2563,2015-04-13 20:52:57,publish
2000,الصياد اللبناني فؤاد عيتاني صياد ماهر في إصطياد جوائز التصوير أيضا,الصياد-اللبناني-فؤاد-عيتاني-صياد-ماهر,4068,2015-04-20 15:38:28,publish
2018,""" صيد ""  في ضيافة سكاف و El Hunt",صيد-في-ضيافة-سكاف-و-el-hunt,1549,2015-04-21 10:38:07,publish
2024,AIR RIFLE LEBANON  ومباراة المهارات الفائقة,air-rifle-non-ومباراة-المهارات-الفائقة,1222,2015-04-22 11:48:09,publish
2031,حنان قط ممرّض في زمن التوحّش البشري,حنان-قط-ممرض-في-زمن-التوحش-البشري,1300,2015-04-26 12:09:20,publish
2041,هل (El HUNT) فقاعة دعائية أم نخبة صيادين سيكون لهم بصمة في التنظيم والتوعية وحماية الطبيعة ؟,هل-el-hunt-فقاعة-دعائية-أم-نخبة-صيادين-سيكون,2431,2015-04-26 15:33:07,publish
2056,الفارسة اللبنانية دونا قزي : طموحي أن يكون لديّ مزرعة للخيول,الفارسة-اللبنانية-دونا-قزي-طموحي-أن-يك,4071,2015-04-27 01:52:18,publish
2070,أفضل 5 بنادق لعام 2015 بحسب معرض SHOTSHOW الأميركي,أفضل-5-بنادق-لعام-2015-بحسب-معرض-shotshow-الأميركي,26993,2015-04-28 18:35:24,publish
2083,صقر جراد يُنهي موسم الصيد في مالطة بعد إسبوعين ..,صقر-الجراد-ينهي-موسم-الصيد-في-مالطة-بعد,1703,2015-04-29 00:19:08,publish
2088,مركز الشرق الأوسط للصيد المستدام  MESHC يختار مركزه في الويست بقاع,مركز-الشرق-الأوسط-للصيد-المستدام-meshc-يخت,2498,2015-04-29 13:08:45,publish
2095,مزاج صياد  ( ماهر الاسطه ),مزاج-صياد-ماهر-الاسطه,1718,2015-04-30 16:00:14,publish
2100,"الصيادة اللبنانية ماريا الياس لـ ""صيد"" : في لبنان الكثيرات يمارسن الصيد ولكن هناك خجل من البوح خشية الوصف بـ ""المسترجلة "".",الصيادة-اللبنانية-ماريا-الياس-في-لبنا,4989,2015-05-26 23:17:19,publish
2104,الصياد يقنص.. ( طريدة الترغل- القمري),الصياد-يعرف-طريدة-الترغل-القمري,5863,2015-05-01 01:31:41,publish
2109,طرق حمل البندقية بشكل آمن أثناء الصيد,طرق-حمل-البندقية-بشكل-آمن-أثناء-الصيد,2158,2015-05-01 02:25:32,publish
2114,بصمات تنظيميّة وأهداف رائعة وجوائز قيّمة في مباراة Air Rifle Lebanon,بصمات-تنظيميّة-وأهداف-رائعة-وجوائز-قي,2479,2015-05-04 18:21:49,publish
2161,الصياد اللبناني رجل الأعمال ظافر نخلاوي : أخطأنا قليلا ولكن لن نقبل أن يُتّهم الصياد بالإجرام وسوف يرون بالفعل لا بالشعارات من سيحمي الطبيعة.,الصياد-اللبناني-رجل-الأعمال-ظافر-نخلا,3152,2015-05-10 14:32:20,publish
2165,المغامرة الأردنية دينا غلايني: في البداية اعتبرني أهلي مجنونة، ولكن..,المغامرة-الأردنية-دينا-غلايني-في-البد,3597,2015-05-10 15:49:23,publish
2180,الصياد يقنص.. ( طريدة حمام الغاب - الدلم),الصياد-يعرف-طريدة-حمام-الغاب-الدلم,8519,2015-05-10 16:47:18,publish
2183,اللبنانية لارا صوايا سيدة الإنجازات ومحط أنظار الثقة في الامارات,اللبنانية-لارا-صوايا-سيدة-الإنجازات-و,5412,2015-05-11 01:53:43,publish
2207,EL HUNT يتحرك في يوم بيئي لروح الشهيد البطل العقيد داني حرب,el-hunt-يتحرك-في-يوم-بيئي-لروح-الشهيد-البطل-ا,1636,2015-05-11 21:55:55,publish
2223,الصياد لا يقنص.. (صياد السمك الأخضر),الصياد-لا-يقنص-صياد-السمك-الأخضر,3156,2015-05-16 12:10:55,publish
2244,الصياد لا يقنص.. ( وروار أزرق الخد ),الصياد-لا-يقنص-وروار-أزرق-الخد,2608,2015-05-26 22:36:57,publish
2255,الإمارات تُشارك في مهرجان القواسم للصيد بالصقور بالمغرب,الإمارات-تُشارك-في-مهرجان-القواسم-للص,2243,2015-05-28 11:26:47,publish
2258,في بريطانيا ممرات للبط أيضا,في-بريطانيا-ممرات-للبط-أيضا,1954,2015-05-28 12:29:41,publish
2262,أنواع خرطوش Slug,أنواع-خرطوش-slug,13049,2015-05-30 10:57:21,publish
2275,"جلسة ""طلّو الصيادي"" مع صيادي EL HUNT الجميع مع القانون ولكن نريد إثبات حسن نوايا من الدولة",جلسة-طلّو-الصيادي-مع-صيادي-el-hunt-الجميع-مع,1721,2015-06-01 15:53:05,publish
2285,طرق التعامل مع البندقية بشكل آمن خلال إجتياز الحواجز ( صور ),طرق-التعامل-مع-البندقية-بشكل-آمن-خلال-إ,1756,2015-06-01 16:43:41,publish
2291,رحلة تنظيم الصيد في لبنان وأبرز مفاصلها ( هام لكل صياد ),رحلة-تنظيم-الصيد-في-لبنان-وأبرز-مفاصله,4475,2015-06-03 22:46:07,publish
2294,صور الصياد اللبناني الياس سلهب,صور-الصياد-اللبناني-الياس-سلهب,3744,2015-06-02 21:31:56,publish
2306,الخال : تركنا الفريق بسبب مشاكل مالية وسوء إئتمان وعملنا على تفعيل فريق EL HUNT الذي أسّسته في تموز 2014.,الخال-تركنا-الفريق-بسبب-مشاكل-مالية-وس,2039,2015-06-03 00:21:18,publish
2333,Trigger Team يتراجع عن صيد الربيع ويتقدم في عالم المغامرات مستحقا لقب فرسان الجرد,trigger-team-يتراجع-عن-صيد-الربيع-ويتقدم-في-عالم-ا,3929,2015-06-05 21:02:31,publish
2371,"بيان صادر عن مجلة ""صيد"" بخصوص القدح والذم من قبل السيد إيلي مزرعاني",بيان-صادر-عن-مجلة-صيد-بخصوص-القدح-والذ,2507,2015-06-06 13:00:33,publish
2373,"ورش عمل تدريبية تطلقها مجلة ""صيد"" بعنوان ""المرأة في عالم الطبيعة والمغامرة """,ورش-عمل-تدريبية-تطلقها-مجلة-صيد-بعنوا,1870,2015-06-08 02:21:25,publish
2384,الصياد لا يقنص.. ( صرد أحمر الظهر ),الصياد-لا-يقنص-صرد-أحمر-الظهر,4509,2015-06-10 18:43:20,publish
2389,صور من أرشيف الصياد والفارس اللبناني سامي يزبك,صور-من-أرشيف-الصياد-والفارس-اللبناني-س,2657,2015-06-10 19:54:10,publish
2396,جدل مش بيزنطي -  صيد الخنزير البري,جدل-مش-بيزنطي-صيد-الخنزير-البري,5492,2015-06-10 23:22:19,publish
2399,"الفارس الصياد المحامي زياد الخازن لـ ""صيد"" : الفروسية مطبوعة في تاريخنا الإهدني من يوسف بك كرم الى الرئيس سليمان فرنجية",الفارس-الصياد-المحامي-زياد-الخازن-لـ,4098,2015-06-13 10:30:48,publish
2422,صور بعدسة نور لبابيدي - لبنان ( صور من سيريلنكا),صور-بعدسة-الآنسة-نور-لبابيدي,2779,2015-06-13 13:17:22,publish
2436,الصياد يعرف ..سحلية أبو قرع ليست سامة,الصياد-يعرف-سحلية-أبو-قرع-ليست-سامة,14565,2015-06-16 15:55:32,publish
2442,"1000 دولار أخرى من مجلة ""صيد"" لأجل زنوبيا .. نريد خبرا يقينا لا أراء وتحاليل وتكهنات",1000-دولار-أخرى-من-مجلة-صيد-لأجل-زنوبيا-نر,2470,2015-06-15 08:58:58,publish
2459,ورشة عمل مع صيادي عنجر وكفرزبد ..حوار على مستوى عال من المسؤولية لأجل تنظيم حمى الصيد في المنطقة,ورشة-عمل-مع-صيادي-عنجر-وكفرزبد-حوار-عل,3585,2015-06-23 00:39:10,publish
2476,"الفنان ميشال أبو سليمان لـ ""صيد"" : يتباهون بالصيد الجائر وهذا ضعف في الشخصيّة",الفنان-ميشال-أبو-سليمان-لـ-صيد-يتباهو,5320,2015-06-23 21:40:12,publish
2485,إمتحان الصيد أصبح في عهدة أندية الرماية في لبنان ... ليتحضّر الجميع ,إمتحان-الصيد-أصبح-في-عهدة-أندية-الرماي,5998,2015-06-25 11:10:23,publish
2506,لدينا تحفظات.. ولكن علينا أن نبدأ من مكان ما لأجل حماية الهواية,لدينا-تحفظات-ولكن-علينا-أن-نبدأ-من-مكا,4730,2015-06-27 15:09:34,publish
2511,تعرّف على شخصيّتك من خلال سلاح صيدك..,تعرّف-على-شخصيّتك-من-خلال-سلاح-صيدك,6721,2020-04-20 21:09:47,publish
2516,"الوزير السابق عبدالله فرحات لـ ""صيد"" : سأجري الإمتحان... ومعظم النساء لا تحب الصيد لأنها في المقوص لن تكون محط إهتمام رجل.",الوزير-السابق-عبدالله-فرحات-لـ-صيد-سأ,10741,2015-06-30 19:55:24,publish
2525,رحلة صيد من طراز فاخر الى ايسلندا والمغرب مع Gold Trophy,2525,7543,2015-07-02 19:54:32,publish
2534,الصياد لا يقنص.. (غراب البحر),الصياد-لا-يقنص-غراب-البحر,9764,2015-07-03 00:42:16,publish
2540,خريطة تواجد طريدة دجاجة الأرض في لبنان,خريطة-تواجد-طريدة-دجاجة-الأرض-في-لبنان,14480,2015-07-11 00:56:56,publish
2543,صور من أرشيف الصياد اللبناني سامر أبي سليمان,صور-من-أرشيف-الصياد-اللبناني-سامر-ابي-س,9254,2015-07-13 14:07:40,publish
2555,خريطة تواجد طريدة الترغل في لبنان,خريطة-تواجد-طريدة-الترغل-في-لبنان,10953,2015-07-14 23:12:38,publish
2561,الأفعى لم تُقتل  في طرابلس ..  بعض الإعلام يُقتل على حافة المصداقية.,الأفعى-لم-تُقتل-في-طرابلس-بعض-الإعلام,10610,2015-07-21 23:43:02,publish
2564,الصياد لا يقنص.. (عقاب صرارة),الصياد-لا-يقنص-عقاب-صرارة,6899,2015-07-22 00:39:27,publish
2581,سباق الإنتماء الى الوطن مع مغاوير الجيش اللبناني 8\9 آب,سباق-الإنتماء-الى-الوطن-مع-مغاوير-الجي,7421,2015-07-20 23:56:40,publish
2589,"اتركوا ""صقر الجراد ""بسلام إنه حامي غذاءكم ..",اتركوا-صقر-الجراد-بسلام-إنه-حامي-غذائ,6033,2015-07-25 16:04:52,publish
2599,"مباراة رماية ضخمة وحاشدة في"" شتورا كونتري كلوب""",مباراة-رماية-ضخمة-وحاشدة-في-شتورا-كونت,3939,2015-07-27 14:03:53,publish
2607,الشاعر الصياد اللبناني وليد شهلا يدافع شعرا عن الصيد من القواصين,الشاعر-الصياد-اللبناني-وليد-شهلا-يداف,6000,2015-08-04 22:29:18,publish
2611,طريق عام منطقة أبلح في البقاع عام 1922,طريق-عام-منطقة-أبلح-في-البقاع-عام-1922,3680,2015-08-04 22:56:34,publish
2618,صور من أرشيف الصياد السوري رجل الأعمال علي الشامي,صور-من-أرشيف-الصياد-السوري-رجل-الأعمال,3137,2015-08-07 22:29:41,publish
2645,صور مر عليها الزمن .. وبعض المدانين هم اليوم في طليعة المدافعين عن الصيد المسؤول لحماية الطبيعة .,صور-مر-عليها-الزمن-وبعض-المدانين-هم-في,2062,2015-08-13 15:17:13,publish
2651,خريطة تواجد طريدة  حمام الدلم في لبنان,خريطة-تواجد-طريدة-حمام-الدلم-في-لبنان,5792,2015-08-14 21:40:58,publish
2654,الصيادة اللبنانية سينتيا يعقوب: السلاح مصدر قوة..والحشرات تخيفني.. ودهشة البعض تجعلهم يطلبون يدي,الصيادة-اللبنانية-سينتيا-يعقوب-السلا,3721,2015-08-15 01:31:23,publish
2668,كلبا صيد في new look  .. الصياد يصطاد الفكرة أيضا .,كلبا-صيد-في-new-look-الصياد-يصطاد-الفكرة-أيضا,3294,2015-08-15 16:34:06,publish
2671,إنجاز إماراتي جديد في عالم الصيد المُستدام والمنصوري عنوانه,إنجاز-إماراتي-جديد-في-عالم-الصيد-المُس,1091,2015-08-16 10:13:00,publish
2676,قصيدة الشاعر الصياد يوسف يونس..  عن قيمة الصياد وضرر القواص,قصيدة-الشاعر-الصياد-يوسف-يونس-عن-قيمة,5114,2015-08-26 09:35:21,publish
2680,مهرجان خيول الشيخ منصور في معرض الصيد والفروسية ثقافة التحدي والغوص في التراث,مهرجان-خيول-الشيخ-منصور-في-معرض-الصيد-و,862,2015-09-02 00:21:16,publish
2682,خرائط تواجد طريدة البط بأنواعه في لبنان,خريطة-تواجد-طريدة-البط-بأنواعه-في-لبنا,4223,2015-09-04 00:11:01,publish
2690,صور من أرشيف الصياد اللبناني باسل جانبيه,صور-من-ارشيف-الصياد-اللبناني-باسل-جانب,2872,2015-09-04 01:08:00,publish
2703,المعرض الدولي للصيد والفروسية في أبو ظبي .. بصمة إمارتية في عالم ثقافة التراث,المعرض-الدولي-للصيد-والفروسية-في-أبو-ظ,1431,2015-09-01 23:13:12,publish
2709,طائر الدخّن الشهي .. هل سيدرج لاحقا على لائحة طرائد الصيد في لبنان ؟؟,طائر-الدخّن-الشهي-هل-سيدرج-لاحقا-على-ل,11425,2015-09-06 13:40:11,publish
2719,"ماذا يفعل ""ايفهرا"" في مهرجان الشيخ منصور ؟",ماذا-يفعل-ايفهرا-في-مهرجان-الشيخ-منصو,1103,2015-09-09 18:10:52,publish
2724,الموعد في 8 تشرين الثاني والجائزة مليون و200 ألف يورو والمتنافسون 16,الموعد-في-8تشرين-الثاني-والجائزة-مليون,1000,2015-09-10 22:56:57,publish
2732,معرض الصيد والفروسية في أبو ظبي 2015.. عالمي بنكهة إماراتية,معرض-الصيد-والفروسية-في-أبو-ظبي-2015-عالمي,2875,2015-09-11 13:30:12,publish
2763,مهرجان الشيخ منصور بن زايد للخيول العربية أيقونة معرض الصيد والفروسية,مهرجان-الشيخ-منصور-بن-زايد-للخيول-العر,2058,2015-09-11 16:29:15,publish
2786,غولد تروفي في معرض الصيد والفروسية في أبو ظبي ..نكهة الصيد المحترف والمستدام,غولد-تروفي-في-معرض-الصيد-والفروسية-في-أ,897,2015-09-11 18:27:21,publish
2794,لا تثق بالسلاح...!!!,لا-تثق-بالسلاح,1725,2015-09-29 00:40:09,publish
2796,"لبنان ""البطل الأول"" بتوقيع راي باسيل في بطولة العرب الـ 15 للسيدات",لبنان-البطل-الأول-بتوقيع-راي-باسيل-في,1334,2015-09-30 01:13:32,publish
2801,صياد الصقر اللبناني رفيق السمرا : أتمنى على القواصين عدم قتل الطيور الجارحة لأنها شريكتنا في الصيد .,صياد-الصقر-اللبناني-رفيق-السمرا-أتمنى,3948,2015-09-30 15:03:32,publish
2807,الصياد لا يقنص.. (طائر الكركي),الصياد-لا-يقنص-طائر-الكركي,3570,2015-10-01 22:38:17,publish
2823,ولادة صباح الصيد,ولادة-صباح-الصيد-بقلم-الصياد-ماهر-الاس,2252,2015-10-16 00:28:04,publish
2826,"الصياد يقنص: "" السمنة المغردة """,الصياد-يقنص-السمنة-المغردة,5051,2015-10-16 00:44:13,publish
2833,"Air rifle lebanon ونوع جديد من المبارزة لتحقيق المهارات الفائقة في ""شتورا كونتري كلوب """,air-rifle-lebanon-ونوع-جديد-من-المبارزة-لتحقيق-المها,4018,2015-10-20 21:48:30,publish
2847,120 فارس وفارسة في سباق الوثبة للقدرة.. وخمس سيارات رباعية الدفع جوائر للخمسة الاوائل,120-فارس-وفارسة-في-سباق-الوثبة-للقدرة-وخم,1013,2015-10-21 15:46:53,publish
2852,الصيادة الأرمنية لويزا جلقيان : قتلت 19 خنزيراً برّياً .. ونساء عنجر طلبن منّي تدريبهن لمواجهة داعش..,صيادة-الخنازير-البريّة-لويزا-جلقيان-ق,9213,2015-11-24 17:08:29,publish
2854,"صياد القوس والسهم اللبناني سامر عبد المسيح : حين يروني يصفوني بـ "" روبن هود "" وبعدها تكثر الأسئلة ( كيف وليش وقديش؟)",صياد-القوس-والسهم-اللبناني-سامر-عبد-ال,6088,2015-10-24 19:45:13,publish
2872,الحوسني يفوز بلقب سباق الوثبة للقدرة ويهدي فوزه لطحنون بن زايد,الحوسني-يفوز-بلقب-سباق-الوثبة-للقدرة-و,1016,2015-10-22 10:55:18,publish
2876,ورشة عمل تدريبية على القوس والسهم للإناث..,ورشة-عمل-تدريبية-على-القوس-والسهم-للإن,2173,2015-10-27 13:50:52,publish
2879,"تحت مظلة مهرجان منصور بين زايد ..البرازيلي فيانا بطل الجولة 9 لمونديال ""أم الإمارات"" للفرسان المتدربين",تحت-مظلة-مهرجان-منصور-بين-زايد-البرازي,971,2015-10-28 10:40:04,publish
2884,"الصياد يقنص : "" طائر المطوق """,الصياد-يقنص-طائر-المطوق,7021,2015-10-28 16:37:39,publish
2889,"جوع نفسي لـ ""ملوك"" جهلة",جوع-نفسي-لـ-ملوك-جهلة-بقلم-مدير-قسم-الص,1822,2015-10-28 23:18:15,publish
2892,هل سيصطاد قواصو لبنان الهواتف الذكية الطائرة ايضأ؟,هل-سيصطاد-قواصو-لبنان-الهواتف-الذكية-ا,1510,2015-10-29 10:33:31,publish
2898,مرهف العساف : انا صياد صورة .. ومهرجان الشيخ منصور اعطاني المعرفة الدولية.,مرهف-العساف-انا-صياد-صورة-ومهرجان-الش,2484,2015-10-29 19:08:12,publish
2914,مهرجان منصور بن زايد للخيول العربية .. مهرجان ذهبي لرجل ذهبي بإدارة ذهبية,مهرجان-منصور-بن-زايد-للخيول-العربية-م,1132,2015-11-10 20:55:38,publish
2945,النساء في عالم القوس والسهم .. تجربة الدقة والمهارة,النساء-في-عالم-القوس-والسهم-تجربة-الد,2257,2015-11-16 13:02:09,publish
2972,"أبو ظبي تطلق "" المرزوم"" اول محمية لصيد الحبارى والأرانب بالصقور",أبو-ظبي-تطلق-المرزوم-اول-محمية-لصيد-ال,1280,2015-11-18 10:46:47,publish
2976,ورشة تدريب على بندقية ضغط الهواء المحترفة PCP للإناث في ويست بقاع,ورشة-تدريب-على-بندقية-ضغط-الهواء-المحت,3136,2015-11-19 15:07:47,publish
3002,الصياد لا يقنص ( صياد السمك الأبقع ),الصياد-لا-يقنص-صياد-السمك-الأبقع,3044,2015-12-02 00:26:50,publish
3004,المهارة صفة ملازمة للمرأة والدليل .. PCP,المهارة-صفة-ملازمة-للمرأة-والدليل-pcp,2292,2015-12-07 00:25:34,publish
3027,الصياد لا يقنص ( طائر الشنقب ),الصياد-لا-يقنص-طائر-الشنقب,7314,2015-12-19 22:56:11,publish
3033,الصياد يقنص ( حجل الشوكار ),الصياد-يقنص-حجل-الشوكار,5334,2015-12-27 21:00:00,publish
3036,تنفيذ قانون الصيد لا يكون استنسابياً.. والصيادون هم من سيحقق حماية الطبيعة,تنفيذ-قانون-الصيد-لا-يكون-استنسابياً-و,1708,2016-01-02 02:01:30,publish
3040,"تكريم من العيار الثقيل من قبل ""أم الامارت"" للارا صوايا",تكريم-من-العيار-الثقيل-من-قبل-أم-الاما,998,2016-01-06 02:00:13,publish
3044,صور من ارشيف الصياد اللبناني ناصيف افرام,صور-من-ارشيف-الصياد-اللبناني-ناصيف-افر,1609,2016-01-06 02:39:27,publish
3055,إمتحانات الصيد في لبنان خلال ايام قليلة.. هذه هي خطوات الحصول على رخصة الصيد البري,إمتحانات-الصيد-في-لبنان-خلال-ايام-قليل,46876,2016-01-08 00:22:24,publish
3064,لائحة الرسوم المالية المتعلقة بالحصول على رخصة الصيد البري في لبنان.,لائحة-الرسوم-المالية-المتعلقة-بالحصو,4555,2016-01-08 18:24:10,publish
3069,هذا دليلك ايها الصياد .. من هنا يبدأ مشوارك مع تنظيم هوايتك,هذا-دليلك-ايها-الصياد-من-هنا-يبدأ-مشوا,5209,2016-01-08 19:27:27,publish
3073,لائحة اندية الرماية المعتمدة لإجراء إمتحان الصيد في لبنان,لائحة-اندية-الرماية-المعتمدة-لإجراء-إ,7606,2016-01-09 21:49:22,publish
3087,صور تحمل روح الصيد من أرشيف الصياد اللبناني سمير نصار,صور-تحمل-روح-الصيد-من-أرشيف-الصياد-اللب,2345,2016-01-09 22:07:13,publish
3093,صور من ارشيف الصياد السوري نهاد ابو علي,صور-من-ارشيف-الصياد-السوري-نهاد-ابو-علي,2333,2016-01-11 20:14:41,publish
3107,الذريعة التي تلهفها مدّعي حماية البيئة من القواصين لمهاجمة الصياد,الذريعة-التي-تلهفها-مدّعي-حماية-البيئ,1033,2016-01-12 18:18:30,publish
3114,ما هو المتغير الوحيد السنوي في قانون الصيد البري في لبنان ؟,ما-هو-المتغير-الوحيد-السنوي-في-قانون-ال,1747,2016-01-17 10:59:39,publish
3116,صور من ارشيف الصياد اللبناني جوزيف حرب,صور-من-ارشيف-الصياد-اللبناني-جوزيف-حرب,1658,2016-01-14 18:41:20,publish
3134,"مجموعة اساطير الصيد تدعم تطبيق القانون : رغم بعض ملاحظاتنا ..خبرتنا وقدراتنا في خدمة تنظيم الصيد لأننا "" اهل الصبي """,مجموعة-اساطير-الصيد-تدعم-تطبيق-القانو,1961,2016-01-16 23:42:13,publish
3140,هل لطول السبطانة ثأثير في أداء البندقية؟,هل-لطول-السبطانة-ثأثير-في-أداء-البندقي,31685,2016-01-20 10:27:41,publish
3145,هل فات الأوان؟,هل-فات-الأوان؟,4365,2016-01-26 01:20:52,publish
3150,صور من ارشيف الصياد اللبناني عزو طه,صور-من-ارشيف-الصياد-اللبناني-عزو-طه,1916,2016-01-26 02:37:34,publish
3164,الصياد لا يقنص: ( ابو الحناء الاوروبي ),الصياد-لا-يقنص-ابو-الحناء-الاوروبي,3604,2016-01-30 10:00:51,publish
3170,مهرجان منصور بن زايد ..حصان لا يعرف التعب,مهرجان-منصور-بن-زايد-حصان-لا-يعرف-التع,1182,2016-02-05 02:21:56,publish
3183,""" اساطير الصيد "" نحن مع القانون، وخبرتنا في تصرف الوزارة ..وندعوا الجميع لحماية الهواية من صيادي الشباك والليل..",اساطير-الصيد-نحن-مع-القانون،-وخبرتنا,1687,2016-02-08 00:33:50,publish
3189,صيادون من لبنان يعبّرون عن آرائهم بقرارات تنظيم الصيد البرّي..,صيادون-من-لبنان-يعبّرون-عن-آرائهم-بقرا,2967,2016-02-08 01:31:08,publish
3199,"""مشوار صيد حلو "" وميشال ابو سليمان في ضيافة خالد بو يونس",مشوار-صيد-حلو-وميشال-ابو-سليمان-في-ضيا,3759,2016-02-08 19:58:15,publish
3210,الصياد لا يقنص: ( ابو ملعقة الاورازي ),الصياد-لا-يقنص-ابو-ملعقة-الاورازي,3170,2016-02-18 23:57:36,publish
3219,مؤتمر عملاق لمهرجان منصور بن زايد وصوايا تدرج لبنان على لائحة السباقات,مؤتمر-عملاق-لمهرجان-منصور-بن-زايد-وصوا,1101,2016-02-12 10:03:18,publish
3228,ماذا يحصل في مهرجان منصور بن زايد في ابو ظبي ؟,ماذا-يحصل-في-مهرجان-منصور-بن-زايد-في-ابو,1286,2016-02-16 11:33:17,publish
3254,لـ offroad مجانينه المبدعين,لـ-offroad-مجانينه-المبدعين,1250,2016-02-23 13:07:49,publish
3258,مهرجان منصور بن زايد يحضر بحرارة سباقاته في البحيرة المتجمدة في سويسرا ..,مهرجان-منصور-بن-زايد-يحضر-بحرارة-سباقا,860,2016-02-23 23:48:36,publish
3265,أخلاق غطاس تنقذ حوتا من حبل التفّ حول عنقه,أخلاق-غطاس-تنقذ-حوتا-من-حبل-التفّ-حول-عن,1512,2016-02-24 17:41:47,publish
3268,الفارس الصياد الفنان طوني حنا : انا صياد اكثر من ملحم بركات وفيلمون وهبي الأقوى بيننا.. والحلاني فارس حقيقي,الفارس-الصياد-الفنان-طوني-حنا-انا-صياد,3677,2016-02-24 18:36:00,publish
3282,"الاعلامي الصياد جورج قرداحي يزور ""مركز الشرق الاوسط للصيد المستدام"" ويلتقي ""اساطير الصيد""",الاعلامي-الصياد-جورج-قرداحي-يزور-مركز,2888,2016-03-10 23:37:10,publish
3292,رئيس الجمعية الأردنية لرياضة الصيد: الصيد المستدام شعارنا.. وصيادات لبنان أكثر من صيادات الأردن.,رئيس-الجمعية-الأردنية-لرياضة-الصيد-ال,2452,2016-03-15 00:07:56,publish
3294,السفير البولوني في لبنان للبنانيين :  هناك من ينتظر اللقلاق الأبيض في بولونيا .. اسمحوا له بالمرور سالما في سمائكم,السفير-البولوني-في-لبنان-يرجوا-اللبنا,1669,2016-03-11 22:01:14,publish
3301,رجل الأعمال الصياد جورج خشان: أحب التحدي والمغامرة .. والنضج يقودنا الى حماية الطبيعة كصيادين,رجل-الاعمال-الصياد-جورج-خشان-أحب-التح,4898,2016-03-12 00:19:58,publish
3319,الحصان العربي يلهب ميادين دول العالم الغربي تحت اسم منصور بن زايد,الحصان-العربي-يلهب-ميادين-دول-العالم-ا,1064,2016-03-15 00:50:23,publish
3327,صور من أرشيف امين سر جمعية الصيادين العراقيين السابق الدكتور رعد محمد وفر السعدون,صور-من-ارشيف-امين-سر-جمعية-الصيادين-الع,2388,2016-03-15 01:29:41,publish
3335,"الوزير اللبناني السابق الصياد فادي عبود : زوجتي بكت حين اصطدت الغزال.. ولدي مجموعة بنادق يدويّة الصنع "" بمعزّة الأولاد ""..",الوزير-اللبناني-السابق-الصياد-فادي-عب,2856,2016-03-16 09:04:41,publish
3345,أنثى المفاجآت راي باسيل تحقق للبنان ذهبية كأس العالم في الرماية,أنثى-المفاجآت-راي-باسيل-تحقق-للبنان-ذه,1665,2016-03-22 12:52:16,publish
3348,"الاعلامي الصياد جورج قرداحي : أنا من سلالة صيادين ..تعلمت الصيد بـ "" النقّيفة"".. ويجب تعديل رخص الصيد للذين يحملون رخصاً أجنبية ..",الاعلامي-الصياد-جورج-قرداحي-أنا-من-سلا,12823,2016-03-22 22:41:04,publish
3363,"الصياد لا يقنص : (أبو منجل الأصلع الشمالي) .. ومحمية "" واسط "" الإماراتية تحميه",الصياد-لا-يقنص-أبو-منجل-الأصلع-الشمالي,2301,2016-03-23 22:03:53,publish
3371,صور من أرشيف الصياد اللبناني جميل عون,صور-من-أرشيف-الصياد-اللبناني-جميل-عون,2348,2016-03-28 18:55:44,publish
3384,""" الكوكو "" طائر سيء السمعة برغم خدماته البيئية",الكوكو-طائر-سيء-السمعة-برغم-خدماته-ال-2,6627,2016-04-07 15:10:08,publish
3387,صور للصيادة اللبنانية نيلا عساف,صور-للصيادة-اللبنانية-نيلا-عساف,2910,2016-04-07 15:20:52,publish
3406,الصياد لا يقنص : ( شيخ الحمّر ),الصياد-لا-يقنص-شيخ-الحمّر,2259,2016-04-23 22:59:50,publish
3412,الصياد يقنص: ( الأرنب البرّي ),الصياد-يقنص-الأرنب-البرّي,4831,2016-04-23 23:06:59,publish
3414,Hunting Legends تدعوا لقضاء يوم بيئي وترفيهي في محمية عمّيق,hunting-legends-تدعوا-لقضاء-يوم-بيئي-وترفيهي-في-محم,856,2016-04-20 00:00:45,publish
3417,"مؤسسة مخزومي وبلدية اركي الجنوبية تواكب التوعية للصيد المستدام في جلسة "" طلوا الصيادي "".",مؤسسة-مخزومي-وبلدية-اركي-الجنوبية-توا,972,2016-04-19 00:57:45,publish
3422,مهرجان منصور بن زايد يفرض وهجه في البرتغال.. وصوايا تكرّم في فرنسا.,مهرجان-منصور-بن-زايد-يفرض-وهجه-في-البرت,883,2016-04-24 01:45:38,publish
3429,"عشرات البيوت للعصافير واللقالق بتوقيع ""اساطير الصيد"" في محمية عمّيق",عشرات-البيوت-للعصافير-واللقالق-بتوقي,3496,2016-04-24 23:58:36,publish
3441,الزميلة سينتيا يعقوب أولى بالمسدس في مسابقة الدقة,الزميلة-سينتيا-يعقوب-أولى-بالمسدس-في-م,1993,2016-05-01 19:41:13,publish
3444,وزارة السياحة طالبت قوى الأمن بالتحرك لوقف الصيد العشوائي,وزارة-السياحة-طالبت-قوى-الأمن-بالتحرك,1300,2016-04-30 14:38:30,publish
3473,صور الصياد والفارس اللبناني المحامي زياد الخازن في رحلات صيد خارجية,صور-الصياد-والفارس-اللبناني-المحامي-ز,2747,2016-05-16 20:28:42,publish
3475,صور من أرشيف الصياد اللبناني أمير دمج,صور-من-أرشيف-الصياد-اللبناني-أمير-دمج,4454,2016-05-18 19:00:17,publish
3487,الصخور يقيم مباراة ضخمة في الرماية الأحد المقبل,الصخور-يقيم-مباراة-ضخمة-في-الرماية-الأ,1164,2016-05-17 01:08:03,publish
3490,مدراء وأساتذة مدارس من البقاع الشمالي في الفاكهة  ... نحو صيد مستدام  لأجل حماية الطبيعة,مدراء-وأساتذة-مدارس-من-البقاع-الشمالي,1738,2016-05-14 01:37:56,publish
3495,PCP  مجدداً في شتورا كونتري كلوب .. والمهارة عنوان,pcp-مجدداً-في-شتورا-كونتري-كلوب-والمهارة,1363,2016-05-22 23:51:21,publish
3499,الصياد لا يقنص: (بلشون الليل),الصياد-لا-يقنص-بلشون-الليل,3745,2016-05-25 23:57:25,publish
3518,BUREAU VERITAS اول شركة خاصة على خط الصيد المستدام,bureau-veritas-اول-شركة-خاصة-على-خط-الصيد-المستدام,2053,2016-06-05 16:54:50,publish
3536,أوراق الزيتون تحمي الخلايا من التلف وتحسن مستوى السكري في الدم,أوارق-الزيتون-تحمي-الخلايا-من-التلف-وت,2387,2016-06-05 17:15:43,publish
3544,صور من أرشيف الصياد اللبناني طلال زيدان,صور-من-أرشيف-الصياد-اللبناني-طلال-زيدا,1940,2016-06-05 19:20:21,publish
3558,بين المهارة والدقة .. العنوان Air Rifle Lebanon,بين-المهارة-والدقة-العنوان-air-rifle-lebanon,1172,2016-06-08 23:34:51,publish
3572,باسمة عطوي فنانة تستمد ابداعها من نبض الطبيعة,باسمة-عطوي-فنانة-تستمد-ابداعها-من-نبض-ا,1708,2016-06-09 15:37:24,publish
3580,مهرجان منصور بن زايد يحوّل الخيل العربي من مجرد سباق الى ثقافة تواصل حضارية بين الشرق والغرب,مهرجان-منصور-بن-زايد-يحوّل-الخيل-العرب,1296,2016-06-09 23:27:22,publish
3599,الصياد يقنص : (طريدة كيخن اللزاب),الصياد-يقنص-طريدة-كيخن-اللزاب,6589,2016-06-16 00:42:31,publish
3601,صيادو Trigger Team في افطار بري موقّع بصوت معين شريف وهادي خليل ونكهة الـ Top Chef دوواد حنا,صيادو-trigger-team-في-افطار-بري-موقع-بصوت-معين-شري,1521,2016-06-11 13:54:18,publish
3629,الجمعية الاردنية لرياضة الصيد.. والنشاط الذي لا يهدأ,الجمعية-الاردنية-لرياضة-الصيد-والنشا,1680,2016-06-16 00:28:54,publish
3640,الطبيعة أم الشعراء .. ( الشاعر حسين شعيب )..شجرة عتيقة كعبها ختيار,الطبيعة-أم-الشعراء-الشاعر-حسين-شعيب-ش,2024,2016-06-22 01:06:43,publish
3646,مجموعة أصدقاء المغاوير ... تدعو لسباق سير في اللقلوق,مجموعة-أصدقاء-المغاوير-تدعو-لسباق-سي,1800,2016-06-26 01:27:06,publish
3649,الصياد يقنص: (الضب),الصياد-يقنص-الضب,3376,2016-08-30 19:25:20,publish
3657,الصياد لا يقنص : (بلشون القطعان),الصياد-لا-يقنص-بلشون-القطعان,1980,2016-07-24 20:48:55,publish
3659,Birds of lebanon بتوقيع عيتاني .. هل يرتقي قواصو لبنان الى رتبة صياد ؟,birds-of-lebanon-بتوقيع-عيتاني-هل-يرتقي-قواصو-لبنان,1759,2016-06-26 17:50:07,publish
3670,مائدة سحور رمضاني من مهرجان منصور بن زايد للمهتمين بالخيل العربي,مائدة-سحور-رمضاني-من-مهرجان-منصور-بن-زا,891,2016-06-26 21:43:11,publish
3682,OFFROAD بقيادة نسائية والقانون الاخلاقي بتوقيعهن ...,offroad-بقيادة-نسائية-والقانون-الاخلاقي-بتو,1445,2016-07-10 00:54:11,publish
3715,الصيادة اللبنانية يمنى دكاش: الصيد اصبح موضة عند الكثيرين وليس شغفا في الطبيعة ولهذا ازداد قتل الطيور..,الصيادة-اللبنانية-يمنى-دكاش-الصيد-اصب,2944,2016-07-12 14:18:19,publish
3717,ارهابيو الصيد ... الصور تؤكد عقدة حب الظهور والجهل وضعف الخبرة ..,ارهابيو-الصيد-الصور-تؤكد-عقدة-حب-الظه,1723,2016-07-12 13:18:09,publish
3723,البلديات وصيادوها نحو صيد مستدام والقواصون في مهب التوقيف,البلديات-وصيادوها-نحو-صيد-مستدام-والق,1526,2016-07-12 13:49:39,publish
3743,"اعلام مثير للسخرية... "" دجل "" بنكهة "" هبل"".. والافاعي بين طرابلس وصور",اعلام-مثير-للسخرية-دجل-بنكهة-هبل-وا,1653,2016-07-21 23:04:34,publish
3748,"الوزير السابق الصياد فارس بويز لـ ""صيد"" : لا ثقافة صيد في لبنان..الصيد هو فلسفة تكافؤ الفرص بين الصياد والطريدة ..  و""راي باسيل"" تحرجنا في الرماية..",الوزير-السابق-الصياد-فارس-بويز-لـ-صيد,3299,2016-07-24 21:47:52,publish
3772,رحلة OFFROAD ضخمة من جرود اللقلوق حتى الهرمل .. سنحمي الطبيعة بأخلاقنا..,رحلة-offroad-ضخمة-من-جرود-اللقلوق-حتى-الهرمل,2548,2016-08-03 01:35:45,publish
3791,التصوير البرّي بيد نسائية.. وحضور لأساطير الصيد .. فقط بالعدسة.,التصوير-البرّي-بيد-نسائية-وحضور-لأساط,1768,2016-08-14 08:54:49,publish
3812,"شيخ الصياده السوري وليد العطار : جثث العصافير في "" السوبرماركات"" بلا صلاحية.. وحماية الطبيعة يقع على عاتقنا وانا نادم على كل حبارى قتلتها..",شيخ-الصياده-السوري-وليد-العطار-جثث-الع,4669,2016-08-15 19:47:26,publish
3833,تداوى من السياسة بالصيد,تداوى-من-السياسة-بالصيد,1350,2016-08-18 11:52:14,publish
3836,منصور بن زايد يحتضن جمال الخيول العربية في لبنان,منصور-بن-زايد-يحتضن-جمال-الخيول-العربي,1563,2016-08-23 07:10:33,publish
3859,"موسم الصيد يبدأ في 15 أيلول … و""المشنوقان"" يدفنان رأسيهما بـ ""الخرطوش""",موسم-الصيد-يبدأ-في-15-أيلول-والمشنوقان,1603,2016-08-30 19:46:05,publish
3862,خفاش الفاكهة \ الثعلب المصري الطيار يوجد في لبنان ايضا,خفاش-الفاكهة-الثعلب-المصري-الطيار-يوج,4432,2016-08-30 23:08:01,publish
3869,بعض الاعلام يسقط في شباك قلة المهنية .. الصيادون يعرفون الخفاش ويعرفون الدولة العاجزة عن ازالة شباك الابادة,بعض-الاعلام-يسقط-في-شباك-قلة-المهنية-ا,1686,2016-08-31 00:05:54,publish
3873,نكهة السياحة البيئية في النروج  ( جو معلوف ورفاقه )  وصور تتكلم .,نكهة-السياحة-البيئية-في-النروج-جو-معل,1776,2016-08-31 00:55:37,publish
3890,صيادو البقاع الشمالي .. الشباك قضت على هواية الصيد في منطقتنا وهذه جريمة بحق اولادنا وبيئتنا ..,صيادو-البقاع-الشمالي-الشباك-قضت-على-ه,1271,2016-09-03 00:15:34,publish
3896,محمية المرزوم الاماراتية تجربة مضيئة في عالم الصيد التراثي المستدام .. والموسم آت,محمية-المرزوم-الاماراتية-تجربة-مضيئة,1358,2016-09-06 00:17:18,publish
3901,قوس وسهم في ايدي حماة حمى خربة قنافار,قوس-وسهم-في-ايدي-حماة-حمى-خربة-قنافار,1725,2016-09-11 13:03:55,publish
3909,الصياد لا يقنص : ( مرزة المستنقعات ),الصياد-لا-يقنص-مرزة-المستنقعات,2279,2016-09-15 19:34:46,publish
3915,عيتاني مع شباب الحوار واتحاد بلديات الضنية.. لحماية الطبيعة بالصيد المستدام,عيتاني-مع-شباب-الحوار-واتحاد-بلديات-ال,828,2016-08-21 20:11:11,publish
3923,الصيادة اللبنانية هديل حميّة : لست مهووسة بتجميع الطرائد.. والصيد بالعدسة لا يقل متعة عن الصيد البندقية.,الصيادة-اللبنانية-هديل-حميّة-لست-مهوو,3168,2016-09-15 22:30:25,publish
3933,المملكة المتحدة تنبض بمهرجان منصور بن زايد وأبو ظبي تنتظر الفائزين في 13 تشرين الثاني,المملكة-المتحدة-تنبض-بمهرجان-منصور-بن,841,2016-09-15 23:21:58,publish
3940,سينتيا يعقوب تؤكد على مهارتها في الرمي بالمسدس بمرتبة أولى جديدة,سينتيا-يعقوب-تؤكد-على-مهارتها-في-الرمي,927,2016-09-21 00:23:49,publish
3947,الفنان الصياد نقولا الاسطا: امي كانت تعتبرني صيادا منكوبا... وزوجتي لا تحب الصيد بل تحب المطبخ وهذا مناسب جداً لي,الفنان-الصياد-نقولا-الاسطا-امي-كانت-تع,2477,2016-09-26 22:06:21,publish
3958,معرض الصيد الفروسية على مرمى ايام ومحمية المرزوم لصيد الصقور تشارك للمرة الأولى,معرض-الصيد-الفروسية-على-مرمى-ايام-ومحم,886,2016-09-30 13:11:26,publish
3963,المنصوري: الصيد والفروسية هما من رياضات الآباء والأجداد التي ورثنا أخلاقياتها النبيلة عن الشيخ زايد بن سلطان,المنصوري-الصيد-والفروسية-هما-من-رياضا,1176,2016-09-30 13:33:47,publish
3965,مهرجان منصور بن زايد، بعد غزو العالم يستريح قليلاً في معرض الصيد والفروسية,مهرجان-منصور-بن-زايد،-بعد-غزو-العالم-يس,838,2016-09-30 13:53:04,publish
3975,معرض الصيد والفروسية ابو ظبي رسالة انتماء للارض والانسان والتراث,معرض-الصيد-والفروسية-ابو-ظبي-رسالة-انت,772,2016-10-11 01:56:50,publish
4000,مهرجان منصور بن زايد.. 3 مؤتمرات  وعشرات الافكار والقرارات لإكمال غزو الاحصنة العربية للعالم,مهرجان-منصور-بن-زايد-3-مؤتمرات-وعشرات-ا,679,2016-10-11 02:23:58,publish
4012,"الفارسة الاماراتية نوف علي ""شيوخنا ما قصّروا"" وثقة لارا صوايا بنا أوصلتنا للمشاركات العالمية.",الفارسة-الاماراتية-نوف-علي-شيوخنا-ما-ق,1573,2016-10-12 00:58:05,publish
4019,بطولة الرماية بالمسدس في الشمال للبطلة يعقوب والبطل جمعة,بطولة-الرماية-بالمسدس-في-الشمال-للبطل,1309,2016-10-24 22:37:48,publish
4024,الصياد لا يقنص: ( الصرد المقنّع ),الصياد-لا-يقنص-الصرد-المقنّع,2479,2016-10-24 22:57:00,publish
4032,120 صياد سمك في مسابقة بسد الموجب في الاردن,120-صياد-سمك-في-مسابقة-بسد-الموجب-في-الارد,1825,2016-10-25 20:56:04,publish
4040,سموم بعض الاعلام  اكثر خطراً من سموم الحشرات السامة التي يتحدث عنها ...,سموم-بعض-الاعلام-اكثر-خطراً-من-سموم-الح,5582,2016-11-03 16:46:16,publish
4045,اساطير الصيد يستضيف Friends Riders Lebanon في محمية عميٌق والشعار الصيد المسؤول,اساطير-الصيد-يستضيف-friends-riders-lebanon-في-محمية-عميٌ,1463,2016-11-07 00:23:50,publish
4059,مهرجان منصور بن زايد للخيول العربية الاصيلة الرقم الاصعب .. وميزته، ثقافة تراث ببصمة عالمية,مهرجان-منصور-بن-زايد-للخيول-العربية-ال,706,2016-11-15 15:53:57,publish
4074,الصيادون يدفعون ثمن افعال القواصين الدنيئة..,الصيادون-يدفعون-ثمن-افعال-القواصين-ال,1067,2016-11-25 22:46:04,publish
4077,الدولة تبدأ من نفسها بتنفيذ قرار منع الصيد .. ولا غطاء لضباط مخالفين..,الدولة-تبدأ-من-نفسها-بتنفيذ-قرار-منع-ال,851,2016-11-25 23:13:24,publish
4080,محاضرة في ثانوية حمانا الرسمية عن الصيد المستدام,محاضرة-في-ثانوية-حمانا-الرسمية-عن-الصي,1139,2016-11-25 23:50:30,publish
4087,رداً على ضياع الدولة ... صيادو لبنان يجتمعون ويرفعون الصوت: لتحموا الطبيعة نظّموا الصيد,رداً-على-ضياع-الدولة-صيادو-لبنان-يجتم,1004,2016-12-08 01:08:38,publish
4100,سمنة سوداء الحنجرة,سمنة-سوداء-الحنجرة,1873,2016-12-08 23:16:22,publish
4112,"القواصون لم يشاهدوا "" الدب البني السوري "" الذي ظهر في جرود بعلبك",القواصون-لم-يشاهدوا-الدب-البني-السوري,1632,2017-01-12 23:50:14,publish
4120,الصياد لا يقتل : (الدب البني السوري),الصياد-لا-يقتل-الدب-البني-السوري,2741,2017-01-13 00:02:14,publish
4127,بيان مركز الشرق الاوسط للصيد المستدام يحيي الصيادين الذين استنكروا حفلة القتل ويعلن 2017 سنة النورس,بيان-مركز-الشرق-الاوسط-للصيد-المستدام,951,2017-01-15 13:39:58,publish
4129,قصيدة الشاعر الصياد وليد شهلا عن حفلة قتل النورس في محيط مطار رفيق الحريري الدولي,قصيدة-الشاعر-الصياد-وليد-شهلا-عن-حفلة-ق,1565,2017-01-15 14:14:07,publish
4132,لبنان خرق الاتفاقيات الدولية الموقع عليها.. وقتل النورس سرى على طيور مائية أخرى,لبنان-خرق-الاتفاقيات-الدولية-الموقع-ع,1274,2017-01-15 15:09:44,publish
4135,الصياد لا يقنص: (النورس),الصياد-لا-يقنص-النورس,2742,2017-01-15 16:03:03,publish
4143,على خطى الصيد المستدام ..صيادو لبنان يوّقعون وثيقة شرف,على-خطى-الصيد-المستدام-صيادو-لبنان-يوّ,1549,2017-02-04 14:55:51,publish
4168,انواع عديدة من الطيور بالاسم والصورة التي قتلت في محيط المطار في الحملة الشعواء على النورس,انواع-عديدة-من-الطيور-بالاسم-والصورة-ا,2849,2017-02-06 19:46:50,publish
4195,محمّية المرزوم  للصيد بالصقر تستقبل صقارة خليجيين لتبادل الخبرات,محمّية-المرزوم-للصيد-بالصقر-تستقبل-صق,968,2017-02-13 23:13:06,publish
4201,الصيد المستدام يتحول الى عنوان بيئي أول و Green Committee تقول كلمتها في الروح القدس,الصيد-المستدام-يتحول-الى-عنوان-بيئي-أو,1219,2017-02-14 00:44:48,publish
4206,"الصياد اللبناني الفنان بيار شمعون : جماعة الاراغيل ""مش صياده"" وملحم بركات كان ""ينشرني"" .. وتبوّلت في جزمة صياد..",الصياد-اللبناني-الفنان-بيار-شمعون-جما,2862,2017-02-16 23:19:13,publish
4220,الصياد لا يقنص: ( القبرة المتوّجة),الصياد-لا-يقنص-القبرة-المتوّجة,5737,2017-02-16 20:22:06,publish
4228,"لهواة مراقبة الطيور والصيادين المحترفين في لبنان، ""دليل لـ 200 طائر شائع في لبنان""",لهواة-مراقبة-الطيور-والصيادين-المحتر,1165,2017-02-17 18:46:31,publish
4234,إجتماع في أحضان الثلج لبحث تعزيز حضور الرماية بالقوس والسهم خارج موسم الصيد,إجتماع-في-أحضان-الثلج-لبحث-تعزيز-حضور-ا,1711,2017-02-20 02:15:07,publish
4246,"بيان صادر عن جمعية "" بيت الصياد "" : الصيد ليس سباقاً ونطالب بإحترام القانون لنحافظ على الهواية",بيان-صادر-عن-جمعية-بيت-الصياد-الصيد-ل,1395,2017-02-23 09:34:55,publish
4250,بيان صادر عن مجموعة Wild Boar Hunters : التراجع عن الخطأ جرأة يعجز عنها الكثيرون,بيان-صادر-عن-مجموعة-wild-boar-hunters-التراجع-عن-الخط,1045,2017-02-23 11:50:19,publish
4253,هيك صيدنا بالربيع : (بعدسة انطوان فيصل),هيدا-صيدنا-بالربيع-بعدسة-انطوان-فيصل,1679,2017-02-23 12:27:22,publish
4267,"بالصور والفيديو ""صياد مسؤول ينقذ طائر اللقلق"" هذه اخلاق الصيد",بالصور-والفيديو-صياد-مسؤول-ينقذ-طائر-ا,3431,2017-02-23 14:07:40,publish
4274,قتل عقاب نادر اصطاد أفعى في شمال لبنان‎ و Green Area ستضع الفيديو بتصرف النيابة العامة في الشمال,قتل-عقاب-نادر-اصطاد-أفعى-في-شمال-لبنان,916,2017-02-23 21:01:17,publish
4277,لا شرعية لأي مؤتمر يختصّ بالصيد دون وجود الصيادين.. ومؤتمر الروح القدس نجح,لا-شرعية-لأي-مؤتمر-يختصّ-بالصيد-دون-وجو,986,2017-02-25 15:08:05,publish
4290,"SPNL تحيل صور ""قوّاص"" لبناني يقتل ""طبسونين"" الى وزارة البيئة وتطلب الادعاء عليه",spnl-تحيل-صور-قوّاص-لبناني-يقتل-طبسونين-ا,1739,2017-02-27 11:03:12,publish
4308,هيك صيدنا بالربيع : (بعدسة عبد اللطيف عيتاني),هيك-صيدنا-بالربيع-بعدسة-عبد-اللطيف-عي,1070,2017-03-11 23:38:54,publish
4318,هيك صيدنا بالربيع : (بعدسة سامر عازار ),هيك-صيدنا-بالربيع-بعدسة-سامر-عازار,1534,2017-03-20 20:38:18,publish
4330,هيك صيدنا بالربيع : (بعدسة باسل ابي جمعة ),هيك-صيدنا-بالربيع-بعدسة-باسل-ابي-جمعة,1156,2017-03-14 11:14:07,publish
4345,"بيان من مركز الشرق الاوسط للصيد المستدام: حين يغيب "" قط "" الدولة يلعب "" فأر"" القواصين",بيان-من-مركز-الشرق-الاوسط-للصيد-المستد,793,2017-03-11 23:53:27,publish
4350,بصمة رئاسية في ملف حماية الطيور المهاجرة وتنظيم الصيد في لبنان,بصمة-رئاسية-في-ملف-حماية-الطيورالمهاج,1112,2017-04-02 20:26:27,publish
4354,مركز الشرق الاوسط للصيد المستدام : حملة عون بصمة رئاسية ومحرك حقيقي لحماية البيئة,4354,728,2017-04-03 16:43:39,publish
4359,تجمع البيئة يؤيد مبادرة الرئيس عون لحماية الطيور,تجمع-البيئة-يؤيد-مبادرة-الرئيس-عون-لحم,630,2017-04-04 14:14:42,publish
4362,الكلام الرئاسي حول تنظيم الصيد يتحول الى أمر تنفيذ على لسان وزير البيئة .. ويفتتح الموسم,الكلام-الرئاسي-حول-تنظيم-الصيد-يتحول-ا,912,2017-04-04 14:49:04,publish
4366,موسم الصيد من 15 ايلول وحتى آخر كانون الثاني وليس الأول ... ولائحة الطرائد بلا ترغل,موسم-الصيد-من-15-ايلول-وحتى-آخر-كانون-الث,1225,2017-04-04 15:27:48,publish
4370,هذه هي خطوات الحصول على رخصة الصيد البري في لبنان,هذه-هي-خطوات-الحصول-على-رخصة-الصيد-البر,4344,2017-04-04 16:08:46,publish
4373,هيك صيدنا بالربيع : (بعدسة رامي خشّاب),هيك-صيدنا-بالربيع-بعدسة-رامي-خشّاب,1834,2017-04-05 18:27:19,publish
4381,هيك صيدنا بالربيع : (بعدسة جهاد أسمر),هيك-صيدنا-بالربيع-بعدسة-جهاد-أسمر,2386,2017-04-20 07:00:02,publish
4390,هيك صيدنا بالربيع : (بعدسة خالد طالب ),هيك-صيدنا-بالربيع-بعدسة-خالد-طالب,1997,2017-04-22 07:00:40,publish
4400,على ايقاع تنظيم الصيد وردع المخالفات .. ديب نمر في مواجهة المدعي العام البيئي,على-ايقاع-تنظيم-الصيد-وردع-المخالفات,869,2017-04-05 21:54:09,publish
4403,mercy corps تنظم ندوة عن الصيد المسوؤل في مدرسة صاليما بالتعاون مع SPNL و MESHC,mercy-corps-تنظم-ندوة-عن-الصيد-المسوؤل-في-مدرسة-ص,902,2017-04-05 20:13:08,publish
4419,هيك صيدنا بالربيع : (بعدسة سركيس فرنجية),هيك-صيدنا-بالربيع-بعدسة-سركيس-فرنجية,1747,2017-04-08 18:02:08,publish
4431,هيك صيدنا بالربيع : (بعدسة غابي خيرالله),هيك-صيدنا-بالربيع-بعدسة-غابي-خيرالله,1756,2017-04-10 18:28:51,publish
4437,هيك صيدنا بالربيع : (بعدسة ميشال صوان),هيك-صيدنا-بالربيع-بعدسة-ميشال-صوان,2081,2017-04-21 07:00:29,publish
4462,لهذه الاسباب ازيل طائر الترغل عن لائحة الطرائد المسموح صيدها في لبنان,لهذه-الاسباب-ازيل-طائر-الترغل-عن-لائحة,4019,2017-04-09 20:27:01,publish
4468,ماذا تتعقب كرواتيا فوق لبنان..؟,ماذا-تتعقب-كرواتيا-فوق-لبنان-؟,970,2017-04-11 00:00:36,publish
4472,"مسابقة صيد الربيع صيد العدسة و""عين الصياد مليانة حلا """,صيد-الربيع-صيد-العدسة-وعين-الصياد-مليا,1820,2017-04-24 21:04:17,publish
4478,كرواتي يطلب من عون حماية لقلقه Klepetan من نار القواصين في لبنان .. وصيادون محترفون يجيدون حماية اللقالق,كرواتي-يطلب-من-عون-حماية-لقلقه-klepetan-من-نار,1240,2017-04-28 01:36:57,publish
4483,مهرجان منصور بن زايد صفة من صفات الحصان العربي الاصيل ... والمغرب غدا ..,مهرجان-منصور-بن-زايد-صفة-من-صفات-الحصان,1047,2017-05-01 11:22:33,publish
4487,"مهرجان منصور بن زايد ودع المغرب... النسخة التاسعة في مدريد 2018 .. و"" على قدر اهل العزم تأتي العزائم """,مهرجان-منصور-بن-زايد-ودع-المغرب-النسخ,1292,2017-05-11 01:40:41,publish
4500,المستندات المطلوبة لـ ليبان بوست للحصول على رخصة صيد بري في لبنان,المستندات-المطلوبة-لـ-ليبان-بوست-للحص,2512,2017-05-11 01:50:25,publish
4503,جمعية SPNL و MESHC يواجهان صيد الطيور المهاجرة برعاية مستشارة رئيس الجمهورية لشؤون البيئة,جمعية-spnl-و-meshc-يواجهان-صيد-الطيور-المهاجرة,824,2017-05-14 19:51:46,publish
4516,"الجهل الساطع لـ"" قوّاص"" من منطقة المتن يقتل طيورا مهاجرة",الجهل-الساطع-لـ-قوّاص-من-منطقة-المتن-ي,1473,2017-05-15 23:25:23,publish
4526,الخطيب يوّقع قرار فتح موسم الصيد ، والامتحانات جارية .. ولائحة الطرائد بدون ترغل وحجل,الخطيب-يوّقع-قرار-فتح-موسم-الصيد-،-والا,941,2017-06-12 23:55:28,publish
4530,الصياد لا يقنص: (الرخمة المصرية),الصياد-لا-يقنص-الرخمة-المصرية,2970,2017-06-18 00:18:27,publish
4536,هيك صيدنا بالربيع : (بعدسة كمال قصّار ),هيك-صيدنا-بالربيع-بعدسة-كمال-قصّار,1770,2017-06-18 00:48:36,publish
4558,منصور بن زايد يحتضن جمال الخيل العربي في لبنان بحضور شخصي للارا صوايا,منصور-بن-زايد-يحتضن-جمال-الخيل-العربي-ف,1084,2017-08-01 13:59:25,publish
4574,"معرض مسابقة ""صيد الربيع"" في قرية بدر حسون البيئية برعاية وزارة البيئة.. والصيادون نجوم",معرض-مسابقة-صيد-الربيع-في-قرية-بدر-حسو,907,2017-08-30 16:22:52,publish
4584,"بعد 20 سنة من المنع الجائر.. هذا يومنا وكل صياد حقيقي "" خفير""",بعد-20-سنة-من-المنع-الجائر-هذا-يومنا-وكل-ص,834,2017-09-16 22:42:24,publish
4586,معرض صيد الربيع – صيد العدسة حجر اساس لبناء عقلية صياد مسؤول,معرض-صيد-الربيع-صيد-العدسة-حجر-اساس-ل,844,2017-09-11 17:49:53,publish
4588,معرض الصيد والفروسية اختتم... وجناح مهرجان منصور بن زايد نقطة جذب للحضور والمشاركة,معرض-الصيد-والفروسية-اختتم-وجناح-مهرج,802,2017-09-17 13:30:04,publish
4615,معرض صيد الربيع - صيد العدسة في قرية بدر حسون التراثية ما زال يستقبل الضيوف,معرض-صيد-الربيع-صيد-العدسة-في-قرية-بدر,913,2017-09-26 00:52:48,publish
4624,اندية الرماية وبدء الفساد .. في امتحانات الصيد اين الاتحاد ؟,اندية-الرماية-وبدء-الفساد-في-امتحانات,1329,2017-10-03 01:10:55,publish
4627,"كما تزرع تحصد .. الامارتي فيصل الرحماني رئيساً للاتحاد الدولي لسباقات الخيول العربية الأصيلة ""افهار""",كما-تزرع-تحصد-الامارتي-فيصل-الرحماني,922,2017-09-30 09:27:17,publish
4631,كلودين عون روكز : مناطق الصيد المسؤول تحمي الطبيعة وتسمح باستضافة صيادين من الخارج وتؤمن الفائدة الاقتصادية للجميع,كلودين-عون-روكز-مناطق-الصيد-المسؤول-تح,1845,2017-10-16 13:37:39,publish
4666,واخيرا .. وبسبب الحوارالبنّاء بين الصيادين ووزارة البيئة .. وزير البيئة يسمح بالصيد على قسيمة ليبان بوست,واخيرا-وبسبب-الحوارالبنّاء-بين-الصيا,781,2017-10-16 14:36:51,publish
4668,"مشروع "" ع طبيعتي "" ثقافة التحدي والانسجام بين الطبيعة والانسان في البقاع الغربي",مشروع-ع-طبيعتي-ثقافة-التحدي-والانسجا,1770,2017-10-22 11:38:49,publish
4689,الصياد يقنص: ( سمنة الحقول - الكيخن ),الصياد-يقنص-سمنة-الحقول-الكيخن,3121,2017-10-23 02:45:49,publish
4697,مهرجان منصور بن زايد للخيول العربية الاصيلة.. من نسخة الى نسخة والطريق معبّد بالنجاح والتطور,مهرجان-منصور-بن-زايد-للخيول-العربية-ال-2,992,2017-11-13 22:48:21,publish
4714,الصيادون المستدامون سينهون موسم الصيد ويعلنون ان الصياد هو البيئي الأول  الاحد 4 شباط 2018,الصيادون-المستدامون-سينهون-موسم-الصي,945,2018-01-15 22:43:02,publish
4719,موسم الصيد سينتهي ... ماذا بعد؟,موسم-الصيد-سينتهي-ماذا-بعد؟,1573,2018-01-16 01:03:14,publish
4732,صقارات صغار في الامارات .. الدولة التي قادت تسجيل ملف الصقارة دولياً في الاونيسكو,صقارات-صغار-في-الامارات-الدولة-التي-ق,944,2018-01-18 23:35:27,publish
4737,ما هي مناطق الصيد المسؤول ؟,ما-هي-مناطق-الصيد-المسؤول-؟,1230,2018-01-23 22:33:50,publish
4741,خيول بصيهل ريشة  الفنانة التشكيلية والنحاتة فيرا بو طنوس فرح,خيول-بصيهل-ريشة-الفنانة-التشكيلية-وال,1497,2018-01-23 23:09:54,publish
4750,الصياد لا يقنص: (البلشون الرمادي),الصياد-لا-يقنص-البلشون-الرمادي,3696,2018-02-03 14:29:16,publish
4757,خرطوش الصيد لكل طريدة .. وخرطوش ضد الصيد المستدام في لبنان,خرطوش-الصيد-لكل-طريدة-والخرطوش-الاخر,7686,2018-02-19 23:39:13,publish
4761,حفل اختتام موسم الصيد .. تكريم وقَسَم واعلان وحدة مكافحة الصيد الجائر,حفل-اختتام-موسم-الصيد-تكريم-وقَسَم-وا,1224,2018-02-05 10:29:35,publish
4780,"قوى الامن تكشف عن توقيف شخصين في ""سوق الاحد"" بتهمة بيع طيور بريّة نادرة",قوى-الامن-تكشف-عن-توقيف-شخصين-في-سوق-ال,607,2018-02-05 21:17:32,publish
4783,وزير البيئة اللبناني طارق الخطيب يعلن إختتام موسم الصيد البري، والرخص الجديدة بعد حين,وزير-البيئة-اللبناني-طارق-الخطيب-يعلن,661,2018-02-05 21:37:37,publish
4786,"من هم الصيادون المسوؤلون الذين كرمهم ""مركز الشرق الأوسط للصيد المستدام""",من-هم-الصيادين-المسوؤلين-الذين-كرمهم-م,1503,2018-02-07 01:20:11,publish
4804,"""مركز الشرق الأوسط للصيد المستدام"" يُطلق قَسم الصياد المسؤول",مركز-الشرق-الأوسط-للصيد-المستدام-يُط,1658,2018-02-17 14:33:05,publish
4811,دليل الصياد المصوّر بتوقيع عيتاني وجرادي.. الصيد مهارة المعرفة أولاً,دليل-الصياد-المصوّر-بتوقيع-عيتاني-وجر,2559,2018-02-17 14:20:33,publish
4818,الفنانة التشكيلية ليديا بارود سعادة .. الطبيعة عنوان ابداعها,الفنانة-التشكيلية-ليديا-بارود-سعادة-ا,1621,2018-02-17 14:05:27,publish
4837,الرئيس عون: لضرورة عدم التعرض لأسراب الطيور المهاجرة التي بدأت تعبر سماء لبنان,الرئيس-عون-لضرورة-عدم-التعرض-لأسراب-ال,947,2018-03-04 19:16:50,publish
4840,"الصياد لا يقنص"" (صقر الجراد)",الصياد-لا-يقنص-صقر-الجراد,3009,2018-03-04 19:48:45,publish
4852,وحدة مكافحة الصيد الجائر تزور المدعين العامين وتعلن استعدادها لتلقي ومتابعة مخالفات الصيد مع القضاء,وحدة-مكافحة-الصيد-الجائر-تزور-المدعين,799,2018-03-06 19:08:21,publish
4855,رئيسة وحدة مكافحة الصيد الجائر في MESHC تدعو الصيادين لحماية الهواية برصد المخالفات والتبليغ عنها,رئيسة-وحدة-مكافحة-الصيد-الجائر-في-meshc-تدع,998,2018-03-06 20:02:17,publish
4873,CABS و MECHC يراقبان صيد الربيع في لبنان ويؤكدان ان حماية الطبيعة مهمة الصياد المسؤول,cabs-و-mechc-يراقبان-صيد-الربيع-ويؤكدان-ان-حماي,1443,2018-03-30 20:26:42,publish
4891,صياد العدسة يرى ( طائر يصطاد الاسماك بطعم .. ),صياد-العدسة-يرى-طائر-يصطاد-الاسماك-بطع,2372,2018-04-05 23:39:08,publish
4899,تباهى بصيده خارج الموسم فأوقفه القضاء,تباهى-بصيده-خارج-الموسم-فأوقفه-القضاء,1212,2018-04-05 00:16:18,publish
4903,رسالة شكر الى العماد عثمان وتأكيد على التعاون مع قوى الامن الداخلي لحماية الطبيعة,رسالة-شكر-الى-العماد-عثمان-وتأكيد-على-ا,1565,2018-04-19 01:26:58,publish
4906,مركز الشرق الاوسط للصيد المستدام يردّ على هجوم حبيب معلوف على الصيد,مركز-الشرق-الاوسط-للصيد-المستدام-يردّ,1100,2018-04-19 11:06:11,publish
4910,اليوم العالمي لهجرة الطيور ولأول مرة مرتين في السنة,اليوم-العالمي-لهجرة-الطيور-ولأول-مرة-م,1303,2018-05-11 14:43:20,publish
4919,MESHC يعين رئيسة جديدة لوحدة مكافحة الصيد الجائر,meshc-يعين-رئيسة-جديدة-لوحدة-مكافحة-الصيد-ا,2388,2018-05-23 10:12:14,publish
4923,سلامة الصياد والصيد المستدام في مدرسة المنار في راس المتن,سلامة-الصياد-والصيد-المستدام-في-مدرسة,1161,2018-05-26 21:52:35,publish
4935,الصياد لا يقنص :  ( درسة القمح ),4935,1836,2018-06-07 22:23:26,publish
4942,محميّة رأس الخور للحياة الفطرية... جنّة في صحراء دبي,محميّة-رأس-الخور-للحياة-الفطرية-جنّة,2274,2018-06-07 23:26:50,publish
4954,فارس بعلبكي ينشر ثقافة الخيل بلا مقابل,فارس-بعلبكي-ينشر-ثقافة-الخيل-بلا-مقابل,1751,2018-06-07 23:35:18,publish
4961,رئيس الجمهورية يرعى مسابقة جمال الخيول العربية في رياق ومهرجان الشيخ منصور بن زايد يدعم ويحضر,رئيس-الجمهورية-يرعى-مسابقة-جمال-الخيو,1139,2018-07-30 20:40:47,publish
4963,مطالعة علمية وقانونية حول إمكانية ضم التيان والترغل إلى الطيور المسموح صيدها وحول أطالة فترة الصيد -,مطالعة-علمية-وقانونية-حول-إمكانية-ضم-ا,2514,2018-07-30 20:35:29,publish
4974,الخطيب يعلن فتح موسم الصيد من 1 ايلول وحتى 15 شباط مستثنيا التيان والترغل,الخطيب-يعلن-فتح-موسم-الصيد-من-1-ايلول-وح,1330,2018-07-30 20:59:25,publish
4982,كي لا نضيّع البوصلة,كي-لا-نضيّع-البوصلة-بقلم-فؤاد-عيتاني,2349,2018-09-07 08:57:13,publish
4985,السنجاب القوقازي الأحمر (Persian/Caucasian red squirrel(Sciurus anomalus,السنجاب-القوقازي-الأحمر-persiancaucasian-red-squirrelsciurus-anomalus,2347,2018-09-09 14:11:52,publish
4994,"رحلة صيد بلا البنادق وبكامل اناقة التحدي، والعنوان "" نحن ممر الامان""",رحلة-صيد-بلا-البنادق-وبكامل-اناقة-التح,1195,2018-10-08 12:36:40,publish
5027,فصيلة السمن والحقيقة الكاملة....,فصيلة-السمن-والحقيقة-الكاملة,7096,2018-10-22 02:09:10,publish
5042,السلحفاة اليونانية مهددة بالانقراض,السلحفاة-اليونانية-مهددة-بالانقراض,1418,2018-10-22 02:20:47,publish
5053,السيدة كلودين عون تدعم MESHC بتوقيع على نص تعاليم اخلاقيّة وشرعيّة وقانونيّة للصيد.. والمركز يشكر بشهادة تقدير,السيدة-كلودين-عون-تدعم-meshc-بتوقيع-على-نص-ت,1087,2018-11-05 01:31:20,publish
5056,الضبع المخطط فريسة الانسان الجاهل... والرجولة بالوعي العلمي لا بسخافات قصص واساطير,الضبع-المخطط-فريسة-الانسان-الجاهل-وال,3383,2018-11-06 02:15:27,publish
5066,ثانوية عبدالله الخوري الرسمية - حمانا .. من الصيد المستدام الى القوس والسهم والتصوير البرّي,ثانوية-عبدالله-الخوري-الرسمية-حمانا,1062,2018-10-31 15:57:50,publish
5068,MESHC وSPNL ووحدة مكافحة الصيد الجائر في وزارة الداخلية لأجل جماية الطبيعة ومحاسبة القواصين,meshc-وspnl-ووحدة-مكافحة-الصيد-الجائر-في-وزارة,772,2018-11-06 16:06:54,publish
5072,أين المطوق؟ و هل هو حقا طريدة صيد؟,أين-المطوق؟-و-هل-هو-حقا-طريدة-صيد؟,4425,2018-11-20 23:49:31,publish
5079,وثيقة ولجنة بين جمعية حماية الطبيعة في لبنان ومصلحة الليطاني لمصارعة نقمة التلوث بوصفة نظام الحمى,وثيقة-ولجنة-بين-جمعية-حماية-الطبيعة-في,898,2018-12-31 17:53:42,publish
5085,جولة مع مصلحة الليطاني لـ SPNL و MESHC للتحضير على ايقاع سريع لمشاريع ونشاطات مشتركة,جولة-مع-مصلحة-الليطاني-لـ-spnl-و-meshc-للتحضير-ع,700,2019-01-13 10:13:24,publish
5105,كي لا تتحول النوايا الحسنة الى سيئة.. لا تفرجوا عن الحجل عشوائيا,كي-لا-تتحول-النوايا-الحسنة-الى-سيئة-لا,3446,2019-02-04 11:48:29,publish
5116,انطلاق فعاليات النسخة العشرين لمنتدى الشارقة الدولي لصون التنوع الحيوي وعيتاني مشاركا,انطلاق-فعاليات-النسخة-العشرين-لمنتدى,660,2019-02-05 08:41:14,publish
5129,عصفور التين ليس طريدة مدرجة على لائحة طرائد الصيد في لبنان ..,عصفور-التين-ليس-طريدة-مدرجة-على-لائحة-ط,7717,2019-02-25 20:46:39,publish
5141,وحدة مكافحة الصيد الجائر في MESHC تزورالكولونيل الأسمر وتدعو لحماية الطيور المهاجرة,وحدة-مكافحة-الصيد-الجائر-في-meshc-تزورالكو,1329,2019-03-07 23:24:11,publish
5145,كيف تنام الخيول ولماذا.. ؟؟,كيف-تنام-الخيول-ولماذا-؟؟,1437,2019-03-04 17:31:47,publish
5147,الخيل.. إحذر عينه اليسرى,الخيل-إحذر-عينه-اليسرى,870,2019-02-05 17:00:44,publish
5150,الشقب من الألف الى ياء الخيل العربي ببصمة موقعّة من مؤسسة قطر,الشقب-من-الألف-الى-ياء-الخيل-العربي-ببص,1380,2019-03-12 01:47:01,publish
5166,خبر صحفي بطعم الحداد يودّع العديد الشقب,خبر-صحفي-بطعم-الحداد-يودّع-العديد-الشق,1345,2019-03-14 01:12:52,publish
5169,كي لا تكون العيون عوراء في النظر الى الصيد .. و ”Trophy Hunting” صيد شرعي ومنظم ..,كي-لا-تكون-العيون-عوراء-في-النظر-الى-الص,1576,2019-03-19 12:13:06,publish
5176,"على خطى الصيد المستدام حملة توعوية بيئية بعنوان:""بتعاقبو بحريتو، بتتعاقب بحريتك""!",على-خطى-الصيد-المستدام-حملة-توعوية-بيئ,1277,2019-03-19 12:22:41,publish
5179,وزير  البيئة يعلن تاريخ موسم الصيد .. ويطلب التشدد في منع الصيد بالشباك وآلات الصوت الكهربائية,وزير-البيئة-يعلن-تاريخ-موسم-الصيد-ويط,928,2019-03-20 20:39:05,publish
5183,أنواع رياضة ركوب الخيل..,أنواع-رياضة-ركوب-الخيل,5798,2019-03-28 01:04:36,publish
5188,وحدة مكافحة الصيد الجائر تزور قائد منطقة الشمال وتؤكد على التعاون والتنسيق,وحدة-مكافحة-الصيد-الجائر-تزور-قائد-منط,860,2019-03-27 08:06:43,publish
5194,توجيهات وزيرة الداخلية أعلى مراتب المسؤولية لحماية أمن الطبيعة وهواية الصيد,توجيهات-وزيرة-الداخلية-أعلى-مراتب-الم,572,2019-03-28 11:35:33,publish
5197,الحسن طلبت من قوى الامن اتخاذ إجراءات عاجلة لتفعيل تطبيق قانون الصيد البري,الحسن-طلبت-من-قوى-الامن-اتخاذ-إجراءات-ع,542,2019-03-27 04:35:35,publish
5202,وزارة التربية على خط  الصيد المستدام والمحافظة على الطيور المهاجرة,وزارة-التربية-على-خط-الصيد-المستدام-وا,717,2019-04-01 23:06:16,publish
5207,رئيس MESHC: تعميم وزارة التربية إنجاز حضاري في تعزيز ثقافة الصيد المستدام وحماية الطبيعة .. ومستعدون للتعاون,رئيس-meshc-تعميم-وزارة-التربية-إنجاز-حضاري,625,2019-04-02 17:50:36,publish
5211,الصياد لا يقتل .. البومة القرناء,الصياد-لا-يقتل-البومة-القرناء,1080,2019-04-07 00:22:22,publish
5216,رئيس نادي XDC سليم مجاعص : سياحة الغوص في لبنان غنّية جدا ولدينا متحف سفن غارقة تحت مياهنا,رئيس-نادي-xdc-سليم-مجاعص-سياحة-الغوص-في-لب,1728,2019-04-07 01:45:26,publish
5229,لخدمة الصيد المستدام ومكافحة الصيد الجائر MESHC يزور قائد الدرك ورئيس شعبة العمليات في قوى الامن الداخلي,لخدمة-الصيد-المستدام-ومكافحة-الصيد-ال,1357,2019-04-18 09:51:16,publish
5236,وزير البيئة يستقبل النائب هنري شديد ورئيس MESHC ورئيسة وحدة مكافحة الصيد الجائر,وزير-البيئة-يستقبل-النائب-هنري-شديد-ور,871,2019-04-18 09:50:30,publish
5246,رحلة السلام تهاجر مع الطيور من الجنوب الى الشمال بنكهة صيد مستدام وحماية طبيعة,رحلة-السلام-تهاجر-مع-الطيور-من-الجنوب-ا,1079,2019-05-01 11:53:03,publish
5272,مطار رفيق الحريري الدولي ينتهك عدة مخالفات في صورة واحدة!,مطار-رفيق-الحريري-الدولي-ينتهك-عدة-مخا,1560,2019-05-11 17:30:00,publish
5278,الصياد لا يقنص :أبو حناء الأحراش الأحمر Rufous-tailed scrub robin,الصياد-لا-يقنص-أبو-حناء-الأحراش-الأحمر,1916,2019-06-19 23:30:47,publish
5284,البوم طائر الغموض المظلوم في المعتقدات الشعبية له 8 انواع في لبنان,البوم-طائر-الغموض-المظلوم-في-المعتقدا,2658,2019-06-19 23:53:13,publish
5294,الزميلة يعقوب الى بولندا للرماية والمداهمة وقتال الشوارع فيEUROPEAN SECURITY ACADEMY,الزميلة-يعقوب-الى-بولندا-للرماية-والم,1187,2019-06-25 01:02:58,publish
5302,تدريب على مكافحة الصيد الجائر في كسروان - الفتوح بمشاركة شيوخ صيد,تدريب-على-مكافحة-الصيد-الجائر-في-كسروا,751,2019-06-27 17:38:51,publish
5342,"هيدا ""لألأ""  رسالة سلام لطائر اللقلق دوّنها صيادون ودرّاجون ووقّع عليها وزراء وقادة أمنيّون",هيدا-لألأ-رسالة-سلام-لطائر-اللقلق-دوّ,612,2019-09-10 11:16:13,publish
5352,"قوى الأمن الداخلي والصيادون المستدامون في حواجز مشتركة لـ ""هيدا لألأ""",قوى-الأمن-الداخلي-والصيادون-المستدام,773,2019-09-14 00:57:02,publish
5377,"منى صايع تزور كلودين عون وتسلمها لوحة "" اللقلق والأمومة "" التي اعلنت عنها في حفل""هيدا لألأ""",منى-صايع-تزور-كلودين-عون-وتسلمها-لوحة,414,2019-09-28 22:41:09,publish
5381,جريصاتي وسفراء  يزورون CABS و SPNL و MESHC والعنوان : الإستمرار في مكافحة صيد الطيور المهاجرة,جريصاتي-وسفراء-يزورون-cabs-و-spnl-و-meshc-والعنوان,509,2019-10-08 23:26:20,publish
5391,الخطيب لمعالي وزيرة الداخلية: منظمة CABS الدولية شاهدت نتيجة التشدد في تطبيق قانون الصيد، ونتطلع الى تعاون أكبر,الخطيب-لمعالي-وزيرة-الداخلية-منظمة-cabs-ا,638,2019-10-16 17:15:18,publish
5394,CABS و MESHC و SPNL في مخيم 2019 .. توعية وتوقيفات وإزالة شباك صيد بمساعدة صيادين مستدامين وقوى أمنية,cabs-و-meshc-و-spnl-في-مخيم-2019-توعية-وتوقيفات-وإزالة-ش,451,2019-10-11 18:14:10,publish
5397,"مهرجان منصور بن زايد ال نهيان ينهي نسخته ال 11 و"" مشهور الخالدية "" بطلا لجوهرة تاج زايد",مهرجان-منصور-بن-زايد-ال-نهيان-ينهي-نسخت,484,2019-11-26 17:54:07,publish
5422,المغربي يوسف شلال.. طفل برتبة فارس.. والشربتلي مثله الأعلى,المغربي-يوسف-شلال-طفل-برتبة-فارس-والش,591,2019-12-04 20:42:01,publish
5429,دليل جديد لطيور لبنان بتوقيع جرادي وعيتاني,دليل-جديد-لطيور-لبنان-بتوقيع-عيتاني-وج,1144,2019-12-28 19:58:13,publish
5508,الفروسية في الصغر كالنقش في الروح، والعنوان:  الفارس الصغير رامز زياد الخازن,الفروسية-في-الصغر-كالنقش-في-الروح،-وال,851,2020-04-20 20:59:14,publish
5535,الكورونا ضاعف معدّل الطيور في الواجهة البحرية لبيروت... ولعلّه خير لنا..,الكورونا-ضاعف-معدل-الطيور-في-الواجهة-ا,651,2020-04-21 23:06:53,publish
5537,أُنثى دبّور تصطاد الرتيلاء لتضع بيوضها فيها,أُنثى-دبّور-تصطاد-الرتيلاء-لتضع-بيوضه,469,2020-05-15 00:07:39,publish
5542,الحشرة التي ترتدي جثث ضحاياها,الحشرة-التي-ترتدي-جثث-ضحاياها,742,2020-04-23 18:02:34,publish
5548,فيلة تولد بلا أنياب لتحمي نفسها,فيلة-تولد-بلا-أنياب-لتحمي-نفسها,375,2020-04-23 18:22:26,publish
5552,الصيّاد يعرف: إكليل الجبل وفوائده,الصيّاد-يعرف-إكليل-الجبل,658,2020-05-15 00:03:02,publish
5554,الصيّاد يعرف: البابونج وفوائده,الصياد-يعرف-البابونج,411,2020-04-23 18:01:53,publish
5565,قبلة الأمّ... في اللحظة الأولى من الحياة,قبلة-الأمّ-في-اللحظة-الأولى-من-الحياة,472,2020-04-23 17:59:05,publish
5570,الشاعر شربل كاملة: ما منزعل بتغميض عينيها,الشاعر-شربل-كاملة-ما-منزعل-بتغميض-عيني,174,2020-04-27 17:13:16,publish
5579,سيرة الرامي: اللبناني رالف عراج,سيرة-رامي-اللبناني-رالف-عراج,325,2020-06-11 00:26:28,publish
5581,سيرة رامي: البطل اللبناني آلان موسى,سيرة-رامي-البطل-اللبناني-آلان-موسى,505,2020-05-03 01:08:49,publish
5583,سيرة رامي: البطل اللبناني ألونزو خليل,سيرة-رامي-البطل-اللبناني-ألونزو-خليل,626,2020-05-19 19:34:09,publish
5586,لهواة الرماية الحربية أو الأطباق.. هذه هي أهم أندية لبنان,لهواة-الرماية-الحربية-او-الاطباق-هذه,3255,2020-04-23 17:52:32,publish
5597,صيد طيور بريشة الفنان نبيل رضوان..,صيد-طيور-بريشة-الفنان-نبيل-رضوان,506,2020-04-23 20:08:23,publish
5612,أنت صيّاد مُحترف؟؟.. تعلّم كيفية مكافحة الصيد الجائر لتحمي الهواية,انت-صياد-محترف-تعلّم-كيفية-مكافحة-الصي,329,2020-04-26 16:41:36,publish
5628,إيّاك أن تدخل عالم الرماية....,إيّاك-أن-تدخل-عالم-الرماية-بقلم-مديرة,566,2020-04-26 13:01:30,publish
5631,كلمة ولوحة: طقوس الحبّ والخيانة عند الطيور,كلمة-ولوحة-طقوس-الحب-والخيانة-عند-الطي,593,2020-04-26 16:24:54,publish
5665,سيرة مربط :  البزّال,سيرة-مربط-البزّال,844,2020-04-28 00:11:54,publish
5684,ذنبك لذّة طعمك .. يا حليف المزارعين,ذنبك-لذّة-طعمك-يا-حليف-المزارعين-بقلم,925,2020-05-02 21:45:19,publish
5690,النقيب جمال السعيدي سيد عدسة الحروب في رويترز: تصوير الطبيعة أنقذني من الإنهيار,النقيب-جمال-السعيدي-سيد-عدسة-الحروب-في,854,2020-05-06 17:47:18,publish
5712,معرض إفتراضي للجنوبيون الخضر عن السلاحف البحرية,معرض-إفتراضي-للجنوبيون-الخضر-عن-السلا,287,2020-05-05 14:39:22,publish
5819,لا تكافحوا الخنافس التي تجتاح لبنان.. انها مفيدة,لا-تكافحوا-الخنافس-التي-تجتاح-لبنان-ان,850,2020-05-15 22:45:53,publish
5836,طائر المينا .. غازي وشرس وخطر على الطيور المحليّة,طائر-المينا-غازي-وشرس-وخطر-على-الطيور,2153,2020-05-22 15:33:56,publish
5841,هذا ما علمتني إيّاه الرماية..,هذا-ما-علمتني-أيّاه-الرماية,381,2020-05-19 19:47:31,publish
5844,تعرّف على فوائد الرماية...,تعرّف-على-فوائد-الرماية,1378,2020-05-28 14:11:59,publish
5849,"الصياد اللبناني ليس ""مكسر عصا"" لإعلام الصدمات وجمعيات وأشخاص يبحثون عن دور بيئي",الصياد-اللبناني-ليس-مكسر-عصا-لإعلام-ا,501,2020-05-16 14:41:46,publish
5857,سيرة مربط : نادي الأدهم,سيرة-مربط-نادي-الأدهم,611,2020-05-16 20:58:38,publish
5862,الفنانة الهندية صوفيا ياسمين تعيش نبض الطبيعة وحيواناتها في لوحاتها,الفنانة-الهندية-صوفيا-ياسمين-تعيش-نبض,262,2020-05-19 19:30:57,publish
5874,قوى الأمن الداخلي العين الحارسة على الطبيعة وحماية الطيور في كل الظروف,قوى-الأمن-الداخلي-العين-الحارسة-على-ال,1004,2020-05-21 19:47:33,publish
5881,الفنان الفارس بيار داغر: لم يدسني الحصان لأنه أصيل، وأنا لست غراباً,الفنان-الفارس-بيار-داغر-لم-يدسني-الحصا,947,2020-05-23 09:55:03,publish
5893,كلمة ولوحة: جرار الحياة.. وقطرة ماء لعطش عصفور,كلمة-ولوحة-جرار-الحياة-وقطرة-ماء-لعطش,516,2020-06-05 13:34:20,publish
5896,الرفيق المرافق الصيّاد عبدو جابر: الرئيس شمعون علّمني آداب الصيد وأخلاقه,الرفيق-المرافق-الصياد-عبدو-جابر-الرئي,988,2020-05-28 13:42:45,publish
5922,الصيّادة اللبنانية المغامرة سيرينا ريشاني : السلاح يغريني.. ولا بأس أن يكون من سأتزوجه مختلفاً عني.,الصيّادة-اللبنانية-المغامرة-سيرينا-ر,563,2020-06-05 13:29:22,publish
5943,الصيّاد المصوّر سامر عازار: هواية مراقبة الطيور حوّلتني إلى صياد مسؤول، وليستفد لبنان ماليًا من هذه الهواية,الصيّاد-المصوّر-سامر-عازار-هواية-مراق,894,2020-06-12 09:23:23,publish
5945,كيف أصبحت أسعار خرطوش الصيد بعد غلاء الدولار؟ وهل من الممكن أن تنخفض قريبًا؟,كيف-أصبحت-أسعار-خرطوش-الصيد-بعد-غلاء-ال,5090,2020-06-12 09:24:47,publish
5947,البطل الفارس طوني عساف: أدعو الاتحاد الذي حاربني لطي صفحة الماضي وفتح صفحة جديدة تليق بنبل الفرسان.,البطل-الفارس-طوني-عساف-أدعو-الاتحاد-ال,481,2020-06-12 09:25:24,publish
5954,الفنانة التشكيلية رندا حجازي.. زيت ألوانها يقدّس الطبيعة بعفوية الحب,الفنانة-التشكيلية-رندا-حجازي-زيت-ألوا,761,2020-06-12 09:26:08,publish
5989,بالمختصر المفيد: معايير شركات التأمين لتغطية حوادث الصيد,بالمختصر-المفيد-معايير-شركات-التأمين,631,2020-06-17 22:25:39,publish
5996,بعد غلاء أسعار الخرطوش.. ما هو مصير الصياد العاشق لهواية الملوك ...؟,بعد-غلاء-الاسعار-ما-هو-مصير-الصياد-العا,2286,2020-06-17 22:13:06,publish
6004,لماذا ترغب المرأة بتعلّم الصيد والرماية؟,لماذا-ترغب-المرأة-بتعلم-الصيد-والرماي,726,2020-07-02 18:11:11,publish
6011,الصياد لا يقنص : شرشور الكرز coccothraustes coccothraustes,الصياد-لا-يقنص-شرشور-الكرز-coccothraustes-coccothraustes,1097,2020-06-23 11:35:07,publish
6019,"هواية "" التسليق"" فن وعلم يجب ممارسته بوعيٍ بعيدًا عن نفسيَّة المستهلك",هواية-التسليق-فن-وعلم-يجب-ممارسته-بوع,481,2020-06-23 18:14:56,publish
6022,لولا هذه الحشرة.. لما أكلنا الشوكولا,لولا-هذه-الحشرة-لما-أكلنا-الشوكولا,1002,2020-06-23 18:26:46,publish
6035,الطبسون حيوان خجول يتعرض للقتل الجائر ويجب حمايته من قبل الصيادين المستدامين,الطبسون-حيوان-خجول-يتعرض-للقتل-الجائر,1584,2020-06-24 12:19:40,publish
6056,الفنان التشكيلي الصياد المختار هادي يزبك .. بريشته إختصر الفرق بين الصيّاد والقوّاص,الفنان-التشكيلي-الصياد-المختار-هادي-ي,876,2020-08-03 19:35:11,publish
6064,حشرة تمارس أفضل أنواع التمويه لحماية نفسها وتأمين غذائها,حشرة-تمارس-أفضل-أنواع-التمويه-لحماية-ن,416,2020-10-05 12:30:43,publish
6066,نعمان الترس شاعر برتبة صياد ماهر ... يتنفس الطبيعة بأنف الحروف,نعمان-الترس-شاعر-برتبة-صياد-ماهر-يتنف,545,2020-10-04 00:23:21,publish
6078,رخص ... لا رخص .. موسم .. لا موسم ..هل على الصياد المستدام ان يدفع الثمن دائما ؟؟,رخص-لا-رخص-موسم-لا-موسم-هل-على-الصياد,907,2020-09-14 20:17:22,publish
6103,وزارة البيئة تفتتح موسم صيد 2021/2020 من 22 ايلول حتى 15 شباط وتبدأ بإصدار الرخص ابتداء من 17 الجاري,وزارة-البيئة-تفتتح-موسم-صيد-2021-2020-من-22-ايلول,703,2020-09-16 22:18:28,publish
6128,لا تزعجوا الطيور بالتقاط صورها بأدوات مزعجة ... مارسوا أخلاقيات التصوير,لا-تزعجوا-الطيور-بالتقاط-صورها-بأدوات,545,2020-10-08 22:01:23,publish
6157,البجع المصاب... يفتتح علاقة تعاون بين SPNL وBETA وMESHC,البجع-المصاب-يفتتح-علاقة-تعاون-بين-spnl-و-beta,534,2020-10-25 12:08:56,publish
6163,الكركي الى كيفون ... حيث اناهيتا ..,الكركي-الى-كيفون-حيث-اناهيتا,822,2020-10-25 12:59:38,publish
6175,الرئيس  كيروز : لسنا ضد الصيادين المسؤولين..ونحمي  الأرز الصغير والطيور النادرة,الرئيس-كيروز-لسنا-ضد-الصيادين-المسؤول,257,2020-10-28 15:43:05,publish
6182,ما هو عدد مخالفات ( قوّاص) الليل على الشجر المضاء بأنوار كاشفة؟؟,ما-هو-عدد-مخالفات-قوّاص-الليل-على-الشج,511,2020-11-01 19:58:04,publish
6186,رئيسة APU تدعو الصيادين الى الاستنفار لحماية الهواية من جرائم قتل الطيور على الشجر المضاء ليلا,رئيسة-apu-تدعو-الصيادين-الى-الاستنفار-لح,266,2020-11-12 19:14:05,publish
6189,القائد شمس الدين يستقبل APU  والتعاون على قدم وساق لقمع مخالفات الصيد الجائر,القائد-شمس-الدين-يستقبل-apu-والتعاون-على,240,2020-11-14 17:51:58,publish
6199,ماذا حصل في مبنى مصلحة الليطاني على بحيرة القرعون ؟,ماذا-حصل-في-مبنى-مصلحة-الليطاني-على-بحي,138,2020-12-15 22:16:47,publish
6204,اجتماع حول مناطق الصيد المسؤول مع أصحاب محلات الصيد,اجتماع-حول-مناطق-الصيد-المسؤول-مع-أصحا,197,2020-12-17 21:09:48,publish
5618,دعوة للصيادين المستدامين للإشتراك في هذه المسابقة,مسابقة-بيرد-لايف-الشرق-الأوسط-للتصوي,691,2020-04-25 13:05:23,publish
5701,APU تُشيد بالسيدة هيلين وردة وتدعو إلى عدم شراء الطيور البريّة.. والتبليغ الفوري,apu-تُشيد-بالسيدة-هيلين-وردة-وتدعو-إلى-عد,425,2020-05-04 18:12:14,publish
5715,التفكير المستدام في الحياة البريّة,حياة-البرّ-والتفكير-المستدام-بقلم-عون,229,2020-05-06 16:44:45,publish
6211,إغبة تمنح الامان للطيور المحلقة.. ويد المختار  ستكون من حديد,إغبة-تمنح-الامان-للطيور-المحلقة-ويد-ال,212,2020-12-24 16:48:08,publish
6233,"وحدة مكافحة الصيد الجائر APU في ندوة الكترونية مع ""Walk for Unity""",وحدة-مكافحة-الصيد-الجائر-apu-في-ندوة-الكت,193,2021-01-25 11:39:43,publish
6239,"الشاعر مارون أبو شقرا يدين قتلة ""الباشق"" بقانون الشعر والابداع (مترجم الى الانكليزية)",الشاعر-مارون-أبو-شقرا-يدين-قتلة-الباشق,457,2021-01-26 15:55:52,publish
6249,مجلة قوى الأمن تُطلق و وحدة المكافحة زاوية توعية لحماية الطبيعة وتعزيز مفهوم الصيد المسؤول,مجلة-قوى-الأمن-تُطلق-و-وحدة-المكافحة-زا,358,2021-02-17 19:26:48,publish
6252,تعاون بين مخابرات الجيش وAPU وزيارة شكر لرئيس فرع جبل لبنان,تعاون-بين-مخابرات-الجيش-وapu-وزيارة-شكر-ل,449,2021-02-10 19:32:10,publish
6257,"بين قصص العجائز ووسائل التواصل الاجتماعي الحديثة، ""الشيب"" يضرب من جديد",بين-قصص-العجائز-ووسائل-التواصل-الاجتم,332,2021-03-13 15:02:53,publish
6260,جائزة أسعد عادل سرحال لتصوير الحياة البرية، قنص ببندقية الكاميرا وجوائز قيمة,جائزة-أسعد-عادل-سرحال-لتصوير-الحياة-ال,340,2021-03-15 08:17:15,publish
6264,الصياد المغامر المصوّر اللبناني ايدي معلوف أحلامه تتسلق دائماً نحو القمم,الصياد-المغامر-المصوّر-اللبناني-ايدي,353,2021-03-16 11:21:21,publish
6281,كي تحمي نفسك من مخاطر المشي قرب الماء، إقرأ ارشادات المجتمع الجبلي اللبناني,كي-تحمي-نفسك-من-مخاطر-المشي-قرب-الماء،-إ,289,2021-07-21 20:18:57,publish
6291,الفنان غبريال عبد النور بين القمم والافاعي والكلاب يتمنى السَجن لكل من يعتدي على الطبيعة,الفنان-غبريال-عبد-النور-بين-القمم-والا,295,2021-07-22 12:35:46,publish
6298,دعوة لحضور حفل تكريم المشاركين وتوزيع جوائز مسابقة جائزة أسعد عادل سرحال لتصوير الحياة البرّية,دعوة-لحضور-حفل-تكريم-المشاركين-وتوزيع,434,2021-07-22 13:34:57,publish
6304,جائزة AASWPP تختتم بتكريم الفائزين والمشاركين وسرحال يؤكد ان الأمل سيبقى رغم كل شي,جائزة-aaswpp-تختتم-بتكريم-الفائزين-والمشار,213,2021-08-02 13:18:19,publish
6332,هل يحقق إتحاد مجموعات الصيد البرّي في لبنان نقلة نوعية في حماية الهواية والطبيعة ؟,هل-يحقق-إتحاد-مجموعات-الصيد-اللبنانية,471,2022-04-11 09:34:41,publish
6351,الصيّادة السورية أماني الحمصي: أنا ضدّ الصيد الجائر.. وأتمنى سَنّ قانون صيد في سوريا يُنصف الطبيعة والصيّاد,الصيّادة-السورية-أماني-الحمصي,639,2022-08-20 17:03:39,publish
6369,منع الصيد زاد الطين بلة.. مَن يُنقذ الهواية من الصيد الجائر.. صيادون يتكلّمون,منع-الصيد-زاد-الطين-بلة-من-يُنقذ-الهوا,431,2022-09-24 18:58:30,publish
6387,يوم بيئي بتوقيع صيّادين,يوم-بيئي-بتوقيع-صيّادين,189,2022-10-10 13:09:30,publish
6754,«صيد» تعود… وهذا ما نريد أن نقدّمه لكم,صيد-تعود-وهذا-ما-نريد-أن-نقدّمه-لكم,24,2026-09-08 14:00:01,publish
6389,أنا الصيّاد أعرف: إبر الصنوبر,الصياد-يعرف-إبر-الصنوبر,563,2022-10-14 09:27:10,publish
6399,مخاطر السمنة لدى الحيوانات الأليفة,مخاطر-السمنة-لدى-الحيوانات-الأليفة,111,2022-10-20 18:47:46,publish
6401,لين عراجي بطلة فروسية وحساب,لين-عراجي-بطلة-فروسية-وحساب,241,2022-10-22 22:59:57,publish
6409,الصياد الصحافي الشاعر السوري هاني نديم: ما يُفسد الصيد قلّة الوعي.. وسأُعلّم مونيكا بيلوتشي علّها تطلق عليّ النار وأرتاح من جمالها,الصياد-الصحافي-الشاعر-السوري-هاني-ندي,559,2022-11-10 20:53:22,publish
6418,الصياد لا يقنُص: البَجَعة البيضاء الكبيرة (أبو جراب),الصياد-لا-يقنُص-البَجَعة-البيضاء-الكب,178,2022-11-11 23:10:25,publish
6423,جورج تازة: علينا جميعًا المشاركة لحماية الثروة السمكية,جورج-تازة-علينا-جميعًا-المشاركة-لحماي,314,2022-11-12 22:16:13,publish
6429,عصفور الرّيح,عصفور-الرّيح,210,2022-11-14 20:02:37,publish
6438,صيّاد... بس هيك قالت مرتو...,صيّاد-بس-هيك-قالت-مرتو,340,2022-11-20 15:04:03,publish
6443,أنا الصيّاد أعرف: الورد الجوري,أنا-الصيّاد-أعرف-الورد-الجوري,544,2022-12-19 19:09:53,publish
6447,إنقذ كلبَك بالملح,إنقذ-كلبَك-بالملح,398,2022-12-22 20:03:38,publish
6450,البنادق الهوائية,البنادق-الهوائية,2676,2022-12-20 16:49:06,publish
6455,الصياد لا يقنُص: الغاق الكبير,الغاق-الكبير,432,2023-01-05 22:53:15,publish
6461,مُنقذكم في الكوارث حيواناتكم.. إحترموا وجودها,مُنقذكم-في-الكوارث-حيواناتكم-إحترموا,483,2023-02-09 21:48:18,publish
6469,الصيد الجائر دمار لهواية الصيد.. إحذروا الشباك والدّبق وصيد الليل,الصيد-الجائر-دمار-لهواية-الصيد-إحذروا,831,2023-02-15 16:54:06,publish
6476,أنا الصيّاد أعرف: ورق الغار,أنا-الصيّاد-أعرف-ورق-الغار,348,2023-04-19 13:02:46,publish
6481,مشاكل جلد الكلاب,مشاكل-جلد-الكلاب,364,2023-04-21 19:26:39,publish
6487,الصيادة اللبنانية سارة عقيقي: الصيد هو أن تتبع طريدتك بكل عزم وتحدي..    لا تنتظرها لتأتي إليك بطريقة الخداع,الصيادة-اللبنانية-سارة-عقيقي-الصيد-هو,934,2024-02-06 20:00:19,publish
6502,الصياد لا يقنُص: الدرسة سوداء الرأس,الصياد-لا-يقنُص-الدرسة-سوداء-الرأس,182,2024-02-16 16:34:02,publish
6509,الصيادة ريتا حبيب الشعار: مقتنعة بهوايتي، وسأسافر للصيد في رومانيا.. وأدعو وزير البيئة إلى التشدُّد في مكافحة صيد الليل,الصيادة-ريتا-حبيب-الشعار-مقتنعة-بهواي,1044,2024-02-21 12:00:03,publish
6522,الصيّاد يعرف شجرة اللزاب في لبنان,الصيّاد-يعرف-شجرة-اللزاب-في-لبنان,503,2024-02-21 12:47:39,publish
6529,تحدّيات الصيد في لبنان: بين القانون والواقع البيئي,تحدّيات-الصيد-في-لبنان-بين-القانون-وال,266,2024-03-16 20:33:44,publish
6535,لا تصدق وجود هذا الطائر، إنه مُصمَّم ببرنامج الذكاء الاصطناعي,لا-تصدق-وجود-هذا-الطائر،-إنه-مُصمَّم-بب,846,2024-06-05 12:10:20,publish
6540,البوم في النظم البيئية: أهمية وحماية,البوم-في-النظم-البيئية-أهمية-وحماية,897,2024-07-19 12:42:26,publish
6546,أهمية الطيور في لبنان: دعوة للحفاظ عليها,أهمية-الطيور-في-لبنان-دعوة-للحفاظ-عليه,357,2024-08-09 18:18:40,publish
6553,"""مخاطر إدخال الطيور غير الأصلية على التوازن البيئي في لبنان""",مخاطر-إدخال-الطيور-غير-الأصلية-على-الت,213,2024-09-20 18:25:09,publish
6556,كيف تحمي كلبك في الطقس الحار,كيف-تحمي-كلبك-في-الطقس-الحار,216,2024-08-29 01:11:28,publish
6563,الصيد بين الفوضى والنظام – تجارب الصيادين اللبنانيين المغتربين,الصيد-بين-الفوضى-والنظام-تجارب-الصي,215,2024-09-10 21:33:05,publish
6573,الصيد بين الفوضى والنظام – تجارب الصيادين اللبنانيين المغتربين,الصيد-بين-الفوضى-والنظام-تجارب-الصي-2,271,2024-10-14 19:00:18,publish
6583,الصيد بين الفوضى والنظام – تجارب الصيادين اللبنانيين المغتربين,الصيد-بين-الفوضى-والنظام-تجارب-الصي-3,116,2024-12-10 18:31:50,publish
6591,أنا الصيّاد أعرف: عشبة الخبيزة,أنا-الصيّاد-أعرف-عشبة-الخبيزة,696,2024-10-01 18:18:32,publish
6596,المنصة الرائدة لنخبة الصيادين اللبنانيين والعرب ولعشّاق الصيد والطبيعة منذ عام 2012,المنصة-الرائدة-لنخبة-الصيادين-اللبنا,217,2024-10-01 19:15:45,publish
6604,الزومبي في الغابة: عندما يتحكّم فطر طفيلي في عقول النمل,الزومبي-في-الغابة-عندما-يتحكّم-فطر-طفي,103,2025-03-15 12:39:32,publish
6608,محكمة الغربان: عدالة غريزية أم انتقام جَماعي؟,محكمة-الغربان-عدالة-غريزية-أم-انتقام-ج,198,2025-04-15 16:30:09,publish
6611,الأخطبوط: عبقريّ الأعماق... وشهيد الزواج,الأخطبوط-عبقريّ-الأعماق-وشهيد-الزواج,498,2025-05-22 11:11:22,publish
6613,رمح في جسد لقلق: بداية علم هجرة الطيور,رمح-في-جسد-لقلق-بداية-علم-هجرة-الطيور,73,2025-06-16 17:23:45,publish
6615,النحل السارق: غريزة البقاء في مملكة العسل,النحل-السارق-غريزة-البقاء-في-مملكة-الع,70,2025-07-10 16:43:05,publish
6618,حين تبكي الفيلة: سلوك الحداد في أكبر الثدييات البرية,حين-تبكي-الفيلة-سلوك-الحداد-في-أكبر-الث,91,2025-07-25 14:56:20,publish
6623,الزقزاق الشمالي... زائر البرِّيَّة ورفيق الحقول اللبنانية,الزقزاق-الشمالي-زائر-البرِّيَّة-ورفي,91,2025-07-02 16:53:22,publish
6628,القرقف الفحمي... مقيم صغير بدورٍ كبير في غابات لبنان,القرقف-الفحمي-مقيم-صغير-بدورٍ-كبير-في,143,2025-07-09 16:37:22,publish
6633,الدُّجّ المُطوَّق... عابر الظلال في جبال لبنان,الدُّجّ-المُطوَّق-عابر-الظلال-في-جبال,93,2025-06-18 15:55:53,publish
6638,دجاجة السلطان رمادية الرأس… زائرةٌ ملكية في مستنقعات لبنان,دجاجة-السلطان-رمادية-الرأس-زائرةٌ-مل,76,2025-06-25 16:33:17,publish
6643,الصقر : سيد السماء على جناح السرعة وكنز التراث,الصقر-سيد-السماء-على-جناح-السرعة-وكنز,390,2025-07-17 18:14:28,publish
6645,بوصلة لا تُرى.. من علّمها الطيران؟ أسرار الملاحة الجوية عند الطيور,بوصلة-لا-تُرى-من-علّمها-الطيران؟-أسرار,102,2025-07-27 18:39:06,publish
6647,الشاهين... أعجوبة الهواء والخارق في السرعة والانقضاض,الشاهين-أعجوبة-الهواء-والخارق-في-السر,720,2025-07-31 16:10:04,publish
6649,جرائم في الغابة: حيوانات تقتل لا لتأكل!,جرائم-في-الغابة-حيوانات-تقتل-لا-لتأكل,93,2025-08-04 16:48:11,publish
6651,خوسيه أورتيغا إي غاسيت: فيلسوف الصيد وصيّاد المعنى,خوسيه-أورتيغا-إي-غاسيت-فيلسوف-الصيد-وص,108,2025-07-10 09:30:55,publish
6662,الشهرمان الشائع: طائر مائي محمي ومهاجر نادر في لبنان,الشهرمان-الشائع-طائر-مائي-محمي-ومهاجر,117,2025-07-11 14:27:56,publish
6664,"  ""Game Birds"" ليس اسمًا للعب",game-birds-ليس-اسمًا-للعب,55,2025-07-14 17:23:01,publish
6666,هكذا تعلّم ولدك الصيد بِسَبع عجائب,هكذا-تعلم-ولدك-الصيد-بسبع-عجائب,55,2025-07-21 18:37:16,publish
6675,بومة المخازن,بومة-المخازن,508,2025-08-13 20:59:45,publish
6676,طائر الوروار الأوروبي,طائر-الوروار-الأوروبي,180,2025-09-17 11:42:18,publish
6682,العُوَيْسِق,العُوَيْسِق,105,2025-09-30 12:35:54,publish
6692,عصفور الشمس الفلسطيني,عصفور-الشمس-الفلسطيني,195,2025-10-24 20:06:37,publish
6695,تنظيم الصيد يحمي الحياة البرية… ومنعه يفاقم الأزمة,تنظيم-الصيد-يحمي-الحياة-البرية-ومنعه,243,2025-09-30 13:47:10,publish
6700,أسرار الأرض : عشبة  الزوفا,أسرار-الأرض-عشبة-الزوفا,235,2025-08-30 14:05:59,publish
6704,أسرار الأرض: عشبة الشُكران – السمّ الصامت,أسرار-الأرض-عشبة-الشُكران-السمّ-الص,144,2025-09-19 14:29:12,publish
6709,"الطبيعلوجيا تُقدِّم: تطبيق ""iNaturalist"" نافذةٌ مجّانيةٌ على عالمِ الكائناتِ الحيّةِ",الطبيعلوجيا-تقدِّم-تطبيق-inaturalist-نافذة-مجا,132,2025-10-09 13:37:14,publish
6719,صيد تعود... بحلة جديدة ورؤية اوسع,صيد-تعود-بحلة-جديدة-ورؤية-اوسع,18,2026-09-06 14:12:05,publish
6745,مع بدء هجرة الخريف.. تحرك ميداني لحماية ممرات الطيور فوق لبنان,مع-بدء-هجرة-الخريف-تحرك-ميداني-لحماية,13,2026-09-07 02:11:41,publish
6775,بالفيديو… مقناص سعود عبد العزيز البابطين في أفغانستان,بالفيديو-مقناص-سعود-عبد-العزيز-الباب,5,2026-09-08 22:06:01,publish
6784,البجع الأبيض الكبير — Great White Pelican | بعدسة نايف كريم — أوتوستراد المتن السريع، ربيع 2026,البجع-الأبيض-الكبير-great-white-pelican-بعدسة-نايف-ك,5,2026-09-09 00:33:07,publish
6788,السعودية تطلق موسم الصيد السادس بضوابط تعزز الصيد المستدام,السعودية-تطلق-موسم-الصيد-السادس-بضواب,3,2026-09-09 03:29:12,publish
6819,«سهيل 2026» بالصور: الصقور والزوار ووجوه المعرض,سهيل-2026-بالصور-الصقور-والزوار-ووجوه-ا,12,2026-09-13 17:29:22,publish
6836,«كابس» و«مكشب» لحماية طيور الخريف في لبنان… الخطيب: الصياد المستدام شريك حقيقي,كابس-ومكشب-لحماية-طيور-الخريف-في-ل,25,2026-09-13 22:06:46,publish
