path	git_blob_sha	size_bytes
docs/media/uploads/2022/04/اتحاد-2.jpg	23c405d1407906d3b2c4bd21099494a53b598fe5	126013
docs/media/uploads/2022/08/اماني-الحمصي-1.jpg	16feef08fe7f6cb216e9547fb4104a4fc626447f	136779
docs/media/uploads/2022/08/اماني-الحمصي-2.jpg	e67209d3fd1d563a1016d3de30fc8a479b23ab4d	84797
docs/media/uploads/2022/08/اماني-الحمصي-3.jpg	cf300157ff2561c760a0aaf069b939774cfc029a	223796
docs/media/uploads/2022/08/اماني-الحمصي-4.jpg	41f3203b99fb619cb690be8078dded1f01244fd9	212885
docs/media/uploads/2022/08/اماني-الحمصي-6.jpg	10b87d9cb6c11d509ee6f3355a0463ef9559f30f	250243
docs/media/uploads/2022/08/اماني-الحمصي-7.jpg	ad4a528a6f92d0f5faf208d6b7e6e95af6586ad2	99735
docs/media/uploads/2022/08/اماني-الحمصي-8.jpg	ffacabf6719e96f65f1627bbbf7ccba028c647fa	123968
docs/media/uploads/2022/08/اماني-الحمصي5.jpg	299e80fe38ea4fcc0b08626548aea8caca8f7ab6	267490
docs/media/uploads/2022/09/الياس-خالد.jpg	494ecdfae3f3846efeec9eda8f9345d951a57672	88932
docs/media/uploads/2022/09/ايلي-ناضر.jpg	bb3da913d5b24061f35cf1c087a3838a6795a23c	84455
docs/media/uploads/2022/09/حسن-سلمان.jpg	9007d8ccbc859708ad1d4e3c9e61ff696447b183	116626
docs/media/uploads/2022/09/ربيع-صالحة.jpg	5188e1f5d556b1a8669f30e320be8067ec2ac029	108461
docs/media/uploads/2022/09/سامر-ابو-سليمان.jpg	86f5f183c57db1a2832118fe3c01b2cdbb2fe5b9	141390
docs/media/uploads/2022/09/سامر-بربري.jpg	578a6a09dd9bebbc69af84c570b8abb8cebde763	105254
docs/media/uploads/2022/09/غلاف.jpg	60ae0bac5f6ec3d088d9135558b1cf35e7730c41	142674
docs/media/uploads/2022/10/ddi.jpg	0bd244046e8e1bfc3542766c71f0087bf83732c9	66183
docs/media/uploads/2022/10/إبر-الصنوبر-00.png	312ee9f1067c7d59cde1f7b9345f41dbf79f6527	716601
docs/media/uploads/2022/10/إبر-الصنوبر-0000.png	7a4d4b7182d847970b66eafa4b3c8ec904387622	668172
docs/media/uploads/2022/10/طول-إبر-الصنوبر-00.png-.png	f1e4831258cb440d6fe42047f9cf3317c1516586	460973
docs/media/uploads/2022/10/لبين-3.jpg	10d9d2606d49ee2eb973e79265521650351a1828	149530
docs/media/uploads/2022/10/لم-خرطوش.jpg	2b70541106cb4f114c2d9fe24af9c3cb4d895f1a	128166
docs/media/uploads/2022/10/لين-1.jpg	5af62d38cf6eaa20577d2a81b0547b5e95e4f88f	114974
docs/media/uploads/2022/10/لين-2.jpg	64df6f31c556f58cfe2980dfbc4e8a62696bd9e6	34344
docs/media/uploads/2022/10/لين-4.jpg	63866c1a552a991555dbe1032117681d8eedbcae	92125
docs/media/uploads/2022/11/Anthony-Khalil.png	e4067dc539705b3cad96dfc9d5d3f95133923ea2	496523
docs/media/uploads/2022/11/Dany-nassim.png	ab399607c7f21e8031de679f5ce0895bcd6c1b15	466828
docs/media/uploads/2022/11/Georges-Taza1.png	ae9be7364f6d89f2a3e1bf4b207d7f51c73d3757	368810
docs/media/uploads/2022/11/Imanda-Aoude-.png	9f20dacdb0045904a9cf633aa4969faa10a2a2fb	326358
docs/media/uploads/2022/11/Joelle-زغيب-.png	ee3c0d39ce3d334091d607d8ca46c28fb965acbf	560654
docs/media/uploads/2022/11/Mr-Mme.png	f8eeceaee2a664651e7e796e8a2ad334a0ac565a	202218
docs/media/uploads/2022/11/البجعة-البيضاء-1.jpg	bd98d652bdb3e960afb51a3ec542e2c99633fcd3	79545
docs/media/uploads/2022/11/البجعى-البيضاء-3.jpg	3579059ed7247d49e880402aaa6e8c86bd1bad64	86130
docs/media/uploads/2022/11/البعجعة-البيضاء-2.jpg	ea3681e3cdcb68453bafaf92d4c5d35ff3bdeaaa	94129
docs/media/uploads/2022/11/البعجعة-البيضاء-3.jpg	c26392030c303e8ccc446c9604d3fdb7e32a49fd	52686
docs/media/uploads/2022/11/امير-دمج-.jpg	25ae5113f241a107376ffa31e145257253b94223	119265
docs/media/uploads/2022/11/طازة-2.jpg	f2ed239faac0b63085025fe3ed47031b73314a3e	92768
docs/media/uploads/2022/11/طازة-3.jpg	f59d68f23d69b5d2c9a1d2dfcc712e2a50ff9c22	45685
docs/media/uploads/2022/11/طازة.jpg	57e3799d0384ebf9a1b27df6e14e8ba933620a2c	92103
docs/media/uploads/2022/11/قزحيا-ساسين.jpg	d2bfd282b3402a617d3001abd804b11ca0a01261	60030
docs/media/uploads/2022/11/هاني-11.jpg	6f7d57e089df46df35c7baa5913aa006124dbf8c	122001
docs/media/uploads/2022/11/هاني-2.jpg	878c6ea0066fd882bd47712101750ea0e9ef0ee1	133757
docs/media/uploads/2022/11/هاني-3.jpg	cf6d523b07de67877e61fc6c16a2fb9ad82d8c59	84982
docs/media/uploads/2022/11/هاني-5.jpg	5441d11572b48a4f290015cab4d35341bfd35fb0	121188
docs/media/uploads/2022/11/هاني-6.jpg	a595be17201caaf2d130e07809f423bdf10b4160	141381
docs/media/uploads/2022/12/piston-springer.jpg	23c405d1407906d3b2c4bd21099494a53b598fe5	126013
docs/media/uploads/2022/12/الورد-الجوري1.jpg	d1c78bf286a7018bde028333cbb5e04cfe946903	116213
docs/media/uploads/2022/12/بارودة.png	23c405d1407906d3b2c4bd21099494a53b598fe5	126013
docs/media/uploads/2022/12/كلب.png	20a5558571b61ecd4a862568159f9daf618ceaeb	503454
docs/media/uploads/2022/12/مربى-الورد-الجوري1.jpg	ebe6330bc4c645079e30f06b47bdf5dbbe2ced62	118659
